scheme,seed,model,rmse,r2
group,0,M0 mean,19.788677135474003,0.0
group,0,M1 body size,16.05734028309669,0.34156380535004716
group,0,M2 + velocity,14.804785133239683,0.4402801721766815
group,0,M3 + literature mechanics,13.759117269979404,0.5165543923145086
group,0,M4 all kinematics (enet),11.98662419870635,0.6330894041229652
group,0,M4 all kinematics (gbm),13.897176124500747,0.506803941093756
group,0,M5 + lower-body kinetics (enet),12.02399035447147,0.6307982823616654
group,0,M5 + lower-body kinetics (gbm),14.165974888377535,0.4875406638618337
group,1,M0 mean,19.870116929488226,0.0
group,1,M1 body size,15.834821896743964,0.3649242637864608
group,1,M2 + velocity,14.600056742817298,0.46010632239877725
group,1,M3 + literature mechanics,13.5044735562778,0.5380930764437282
group,1,M4 all kinematics (enet),11.95202836121455,0.6381884851317343
group,1,M4 all kinematics (gbm),13.656109773616368,0.5276617102978761
group,1,M5 + lower-body kinetics (enet),12.225630076174149,0.6214339567481308
group,1,M5 + lower-body kinetics (gbm),13.851079623238935,0.5140781745870553
group,2,M0 mean,19.976360948903334,0.0
group,2,M1 body size,15.982045521446933,0.359923366145285
group,2,M2 + velocity,14.763037321230302,0.4538415187953615
group,2,M3 + literature mechanics,13.830105195521154,0.5206880974508907
group,2,M4 all kinematics (enet),12.63527860077838,0.5999291661170278
group,2,M4 all kinematics (gbm),13.821904190324402,0.5212563756945283
group,2,M5 + lower-body kinetics (enet),12.496112784489856,0.6086934482961406
group,2,M5 + lower-body kinetics (gbm),13.885933379842598,0.5168105965479943
group,3,M0 mean,19.915505227083585,0.0
group,3,M1 body size,15.984324828296918,0.3558219290349255
group,3,M2 + velocity,14.794844191310425,0.4481282859072716
group,3,M3 + literature mechanics,13.479425610529708,0.5419001854010779
group,3,M4 all kinematics (enet),11.869350296887852,0.64480140610376
group,3,M4 all kinematics (gbm),13.628633687053478,0.5317023475517932
group,3,M5 + lower-body kinetics (enet),12.509884100930389,0.6054301327674535
group,3,M5 + lower-body kinetics (gbm),13.85858430160434,0.5157662233952356
group,4,M0 mean,19.94033021624724,0.0
group,4,M1 body size,16.202168562106664,0.3397907570967632
group,4,M2 + velocity,15.086403938716947,0.4275905810048628
group,4,M3 + literature mechanics,13.76629731967453,0.5233829239473138
group,4,M4 all kinematics (enet),11.908805113280678,0.6433258095845839
group,4,M4 all kinematics (gbm),13.590550952070439,0.5354746340714597
group,4,M5 + lower-body kinetics (enet),12.11006856349497,0.6311680693640442
group,4,M5 + lower-body kinetics (gbm),14.099019552338197,0.5000654706523905
group,5,M0 mean,19.772247779385044,0.0
group,5,M1 body size,15.823703771962425,0.35952202493647833
group,5,M2 + velocity,14.740249913566975,0.4442267944238225
group,5,M3 + literature mechanics,13.640399396178177,0.5240710915658464
group,5,M4 all kinematics (enet),12.041538947357816,0.6291042124317248
group,5,M4 all kinematics (gbm),13.920219630825907,0.504344320897335
group,5,M5 + lower-body kinetics (enet),12.232747558477405,0.6172317218987513
group,5,M5 + lower-body kinetics (gbm),14.616173661010764,0.4535438722880216
group,6,M0 mean,19.785026201786458,0.0
group,6,M1 body size,15.849798765140982,0.35823763401271025
group,6,M2 + velocity,14.747568176085611,0.44439318311944886
group,6,M3 + literature mechanics,13.907091059093693,0.5059176532902057
group,6,M4 all kinematics (enet),12.081303369908854,0.6271326808045481
group,6,M4 all kinematics (gbm),13.789822268566718,0.5142150252331983
group,6,M5 + lower-body kinetics (enet),12.13068166929077,0.6240785103899125
group,6,M5 + lower-body kinetics (gbm),14.287951799539979,0.4784851331327574
group,7,M0 mean,19.781630217155335,0.0
group,7,M1 body size,16.072445470723412,0.3398543535406471
group,7,M2 + velocity,14.814781528574631,0.4391246619327578
group,7,M3 + literature mechanics,14.006927241831338,0.4986262560166136
group,7,M4 all kinematics (enet),12.146159029526071,0.6229892206098933
group,7,M4 all kinematics (gbm),14.335491466056677,0.4748286634581681
group,7,M5 + lower-body kinetics (enet),12.404089801622941,0.6068071199623042
group,7,M5 + lower-body kinetics (gbm),14.87468650185262,0.43457958607133973
group,8,M0 mean,19.715944858352835,0.0
group,8,M1 body size,15.740363325316586,0.3626260409423955
group,8,M2 + velocity,14.560129823152229,0.45462490087163343
group,8,M3 + literature mechanics,13.478536981285936,0.5326413131138135
group,8,M4 all kinematics (enet),12.144802299906718,0.6205577304303814
group,8,M4 all kinematics (gbm),13.951447172103913,0.4992703270346396
group,8,M5 + lower-body kinetics (enet),11.78879285465698,0.6424774135323368
group,8,M5 + lower-body kinetics (gbm),14.25073692773647,0.47755634844645334
group,9,M0 mean,19.887507698425324,0.0
group,9,M1 body size,16.376009466184776,0.3219598053827756
group,9,M2 + velocity,15.077221570862987,0.4252461186457265
group,9,M3 + literature mechanics,13.803334176660352,0.5182660178570682
group,9,M4 all kinematics (enet),12.282580393750283,0.6185667842779455
group,9,M4 all kinematics (gbm),14.303554461389023,0.4827181669090366
group,9,M5 + lower-body kinetics (enet),12.307704919141063,0.6170047134829064
group,9,M5 + lower-body kinetics (gbm),14.619144532308963,0.45963999376911713
group,10,M0 mean,19.8212425403362,0.0
group,10,M1 body size,15.925470185939298,0.3544605687960687
group,10,M2 + velocity,14.7867642717525,0.4434751677084072
group,10,M3 + literature mechanics,13.272508792096026,0.5516220036836327
group,10,M4 all kinematics (enet),11.947233213602638,0.6366936981213762
group,10,M4 all kinematics (gbm),13.736851924651113,0.5196998943741011
group,10,M5 + lower-body kinetics (enet),12.293229856788775,0.6153460003429183
group,10,M5 + lower-body kinetics (gbm),14.211725136521158,0.485918651705073
group,11,M0 mean,19.772631165431076,0.0
group,11,M1 body size,15.900154955343586,0.3533432977761307
group,11,M2 + velocity,14.702820368641751,0.4470671756821798
group,11,M3 + literature mechanics,13.2814528957601,0.5488071152373126
group,11,M4 all kinematics (enet),12.030116588866806,0.6298218827996445
group,11,M4 all kinematics (gbm),14.221024915083069,0.4827114516040316
group,11,M5 + lower-body kinetics (enet),12.315667904811848,0.6120399481883599
group,11,M5 + lower-body kinetics (gbm),14.64858352237726,0.4511390501127429
group,12,M0 mean,19.926119315453512,0.0
group,12,M1 body size,16.123775454244655,0.34523112035129455
group,12,M2 + velocity,14.815737678470674,0.4471579013593343
group,12,M3 + literature mechanics,13.420623319079889,0.546371929236918
group,12,M4 all kinematics (enet),12.027053533346091,0.6356883703624947
group,12,M4 all kinematics (gbm),13.589466444488535,0.5348860576330524
group,12,M5 + lower-body kinetics (enet),12.157589235834449,0.6277373377549501
group,12,M5 + lower-body kinetics (gbm),13.55011717737437,0.5375756989982898
group,13,M0 mean,19.799776624921215,0.0
group,13,M1 body size,15.877483781041864,0.35695291460917544
group,13,M2 + velocity,14.911509331149517,0.43281775430553016
group,13,M3 + literature mechanics,13.633711646548978,0.5258588732641458
group,13,M4 all kinematics (enet),12.105153862882702,0.6262165687583199
group,13,M4 all kinematics (gbm),14.530564622289388,0.4614272210906103
group,13,M5 + lower-body kinetics (enet),11.47919650339367,0.6638737740976615
group,13,M5 + lower-body kinetics (gbm),14.201288803840958,0.48555975353433056
group,14,M0 mean,19.935712072047117,0.0
group,14,M1 body size,16.073654265006027,0.34992159388286526
group,14,M2 + velocity,14.858958628808802,0.4444626768305048
group,14,M3 + literature mechanics,13.606505597610685,0.534167586633445
group,14,M4 all kinematics (enet),12.008497342512662,0.6371611118836747
group,14,M4 all kinematics (gbm),14.485163895338632,0.47206151502653626
group,14,M5 + lower-body kinetics (enet),11.933354888690008,0.6416877900024347
group,14,M5 + lower-body kinetics (gbm),14.913082492289178,0.4404082086640019
group,15,M0 mean,19.98227300034412,0.0
group,15,M1 body size,16.058582091482734,0.35416048071621375
group,15,M2 + velocity,14.848139565623402,0.44785352233273035
group,15,M3 + literature mechanics,13.549591253587069,0.5402067278551688
group,15,M4 all kinematics (enet),11.853646425961738,0.6481041366910563
group,15,M4 all kinematics (gbm),13.617292698411998,0.5356004727282592
group,15,M5 + lower-body kinetics (enet),11.81381490409647,0.6504650976202638
group,15,M5 + lower-body kinetics (gbm),13.825237812235821,0.5213087987794878
group,16,M0 mean,19.87391150429072,0.0
group,16,M1 body size,16.168701428547312,0.33811341408466
group,16,M2 + velocity,14.7238641148373,0.4511206421981475
group,16,M3 + literature mechanics,13.204458250661526,0.5585571649512664
group,16,M4 all kinematics (enet),11.591211135863011,0.6598339789825343
group,16,M4 all kinematics (gbm),14.07170084741206,0.49866677885790867
group,16,M5 + lower-body kinetics (enet),11.36348288469755,0.6730689110305706
group,16,M5 + lower-body kinetics (gbm),14.200364054021215,0.48945708493989437
group,17,M0 mean,19.843644081906948,0.0
group,17,M1 body size,16.179816018362366,0.3351796569646933
group,17,M2 + velocity,14.94056509991514,0.43311992735548466
group,17,M3 + literature mechanics,13.431494061175737,0.5418520042196511
group,17,M4 all kinematics (enet),11.932379552115737,0.6384142883402661
group,17,M4 all kinematics (gbm),14.04721615991403,0.4988846880566503
group,17,M5 + lower-body kinetics (enet),12.127255697893746,0.6265072195424626
group,17,M5 + lower-body kinetics (gbm),14.368873996314344,0.4756725256430001
group,18,M0 mean,19.884402806838143,0.0
group,18,M1 body size,16.0199875591337,0.35091848005109594
group,18,M2 + velocity,14.75290719284519,0.4495344858403614
group,18,M3 + literature mechanics,13.413371100327181,0.5449587415494471
group,18,M4 all kinematics (enet),12.161921804596432,0.6259072349184764
group,18,M4 all kinematics (gbm),14.039860781842949,0.5014594387440057
group,18,M5 + lower-body kinetics (enet),12.09319089995125,0.6301235227660965
group,18,M5 + lower-body kinetics (gbm),13.908263657475128,0.5107613879368404
group,19,M0 mean,19.847719830038113,0.0
group,19,M1 body size,15.683699254310577,0.3755814880305409
group,19,M2 + velocity,14.506816787823567,0.4657764723602025
group,19,M3 + literature mechanics,13.480375324862477,0.538700773244662
group,19,M4 all kinematics (enet),12.08013561426843,0.6295561595407824
group,19,M4 all kinematics (gbm),13.888014835730251,0.5103800537415922
group,19,M5 + lower-body kinetics (enet),11.724815330658034,0.6510278406884794
group,19,M5 + lower-body kinetics (gbm),14.261463184881618,0.4836942892833601
random,0,M0 mean,19.696142175292668,0.0
random,0,M1 body size,15.427136921214725,0.38650881478872645
random,0,M2 + velocity,14.246168489811021,0.47684086642396906
random,0,M3 + literature mechanics,12.311648401434129,0.6092760186455528
random,0,M4 all kinematics (enet),10.508881382769166,0.7153241415006341
random,0,M4 all kinematics (gbm),8.027322715102638,0.8338963772127173
random,0,M5 + lower-body kinetics (enet),9.3286555084908,0.7756759846297404
random,0,M5 + lower-body kinetics (gbm),8.11344142096687,0.8303132746045253
random,1,M0 mean,19.67449103183442,0.0
random,1,M1 body size,15.369835243815189,0.38971680415878696
random,1,M2 + velocity,14.173358043073149,0.4810344802640143
random,1,M3 + literature mechanics,12.250450240880168,0.6122988503650354
random,1,M4 all kinematics (enet),10.356536941773124,0.7229092010724478
random,1,M4 all kinematics (gbm),7.377586247439903,0.8593882613835656
random,1,M5 + lower-body kinetics (enet),9.121096023115713,0.7850749466528155
random,1,M5 + lower-body kinetics (gbm),7.185960396598353,0.8665979122617058
random,2,M0 mean,19.68350884587361,0.0
random,2,M1 body size,15.297319182900763,0.3960157448419227
random,2,M2 + velocity,14.113698231151139,0.4858656562035818
random,2,M3 + literature mechanics,12.050155301987598,0.6252166845635279
random,2,M4 all kinematics (enet),10.103888044269242,0.7365052228321965
random,2,M4 all kinematics (gbm),7.0368208384638615,0.8721949695644144
random,2,M5 + lower-body kinetics (enet),9.358796955407271,0.773934124539255
random,2,M5 + lower-body kinetics (gbm),6.967296242023611,0.8747079503628674
random,3,M0 mean,19.669789778262178,0.0
random,3,M1 body size,15.412454999719222,0.38603416291450177
random,3,M2 + velocity,14.194942456191585,0.47920376512253515
random,3,M3 + literature mechanics,12.101492109125914,0.6214890854607065
random,3,M4 all kinematics (enet),10.118067508321401,0.7353964243380898
random,3,M4 all kinematics (gbm),7.181894951407668,0.8666851095497488
random,3,M5 + lower-body kinetics (enet),8.708450235653931,0.8039881570563983
random,3,M5 + lower-body kinetics (gbm),7.218229758148432,0.8653327577883381
random,4,M0 mean,19.656291486514558,0.0
random,4,M1 body size,15.263090966654582,0.39704928058708744
random,4,M2 + velocity,14.073112364767605,0.48740172189203623
random,4,M3 + literature mechanics,12.046903684130813,0.6243808645195374
random,4,M4 all kinematics (enet),9.97635096780334,0.7424033143375945
random,4,M4 all kinematics (gbm),6.71107500347827,0.8834315511077112
random,4,M5 + lower-body kinetics (enet),8.451818043584893,0.8151169445288937
random,4,M5 + lower-body kinetics (gbm),6.874754687197127,0.8776761211139879
random,5,M0 mean,19.722038337983673,0.0
random,5,M1 body size,15.377284693640652,0.3920670084943626
random,5,M2 + velocity,14.175680640454724,0.48336450137945874
random,5,M3 + literature mechanics,12.116816707492855,0.6225377892067601
random,5,M4 all kinematics (enet),10.029419820541957,0.7413883863325952
random,5,M4 all kinematics (gbm),6.772644723469067,0.8820730704694735
random,5,M5 + lower-body kinetics (enet),9.096742463354657,0.7872506696030397
random,5,M5 + lower-body kinetics (gbm),6.840119475641927,0.8797115918252453
random,6,M0 mean,19.669987649591178,0.0
random,6,M1 body size,15.344034197571247,0.3914854863454994
random,6,M2 + velocity,14.191551655775147,0.47946301749791964
random,6,M3 + literature mechanics,12.255465733823572,0.611803633971914
random,6,M4 all kinematics (enet),10.218485321495695,0.7301236198260321
random,6,M4 all kinematics (gbm),6.943658154715538,0.8753855258554393
random,6,M5 + lower-body kinetics (enet),9.066013685975205,0.7875657360979584
random,6,M5 + lower-body kinetics (gbm),6.780852736454419,0.881160599889591
random,7,M0 mean,19.691751837995266,0.0
random,7,M1 body size,15.322691059146937,0.3945177967875215
random,7,M2 + velocity,14.14909792436211,0.4837158449687192
random,7,M3 + literature mechanics,12.118556658207842,0.621267052926114
random,7,M4 all kinematics (enet),10.046382714960838,0.7397140481662594
random,7,M4 all kinematics (gbm),6.666033334431096,0.8854048455876429
random,7,M5 + lower-body kinetics (enet),8.91038025230746,0.7952500671250752
random,7,M5 + lower-body kinetics (gbm),6.754581879916659,0.8823401654861533
random,8,M0 mean,19.708553731902736,0.0
random,8,M1 body size,15.278001595221578,0.399070408242057
random,8,M2 + velocity,14.103822908292603,0.48788890979676924
random,8,M3 + literature mechanics,12.142170178818462,0.6204376564615398
random,8,M4 all kinematics (enet),10.113752240971154,0.7366610440630881
random,8,M4 all kinematics (gbm),6.885742953162361,0.8779347341808482
random,8,M5 + lower-body kinetics (enet),8.575729087564511,0.8106642630285941
random,8,M5 + lower-body kinetics (gbm),6.772888584851809,0.881903139766057
random,9,M0 mean,19.68285542589592,0.0
random,9,M1 body size,15.294360941483466,0.3962092362320745
random,9,M2 + velocity,14.184020285955162,0.48069502595640135
random,9,M3 + literature mechanics,12.155974371899395,0.6185801012218347
random,9,M4 all kinematics (enet),10.158139283923946,0.7336503553303859
random,9,M4 all kinematics (gbm),7.229831543295233,0.8650788135804581
random,9,M5 + lower-body kinetics (enet),9.054127281227922,0.7883993556575042
random,9,M5 + lower-body kinetics (gbm),6.954447749504253,0.8751613418340591
random,10,M0 mean,19.685415800064398,0.0
random,10,M1 body size,15.417151171674643,0.3866348782312763
random,10,M2 + velocity,14.21470727263107,0.4785812355986978
random,10,M3 + literature mechanics,12.290480880942988,0.6101939582624738
random,10,M4 all kinematics (enet),10.261962404741547,0.7282486854854024
random,10,M4 all kinematics (gbm),6.962375422349369,0.8749091078669071
random,10,M5 + lower-body kinetics (enet),8.644494204376324,0.8071631671835118
random,10,M5 + lower-body kinetics (gbm),7.043691014266575,0.8719700994843558
random,11,M0 mean,19.70629060327432,0.0
random,11,M1 body size,15.448563749897874,0.38543693910516563
random,11,M2 + velocity,14.201986076312975,0.48061620035526653
random,11,M3 + literature mechanics,12.150514956280302,0.6198284593001231
random,11,M4 all kinematics (enet),10.114175715486816,0.7365784972014509
random,11,M4 all kinematics (gbm),7.091942885015483,0.8704848142175583
random,11,M5 + lower-body kinetics (enet),9.17956323030147,0.7830127231670261
random,11,M5 + lower-body kinetics (gbm),7.251204512282971,0.8646025321705776
random,12,M0 mean,19.693442429183186,0.0
random,12,M1 body size,15.324557676319618,0.39447424414339316
random,12,M2 + velocity,14.144456719744081,0.48414307303416837
random,12,M3 + literature mechanics,12.050114454452126,0.6255972169540004
random,12,M4 all kinematics (enet),10.021728426140454,0.7410344559350146
random,12,M4 all kinematics (gbm),6.863301493847632,0.8785429080012994
random,12,M5 + lower-body kinetics (enet),9.27639349359465,0.7781215876397785
random,12,M5 + lower-body kinetics (gbm),6.796394562400601,0.8808994157525099
random,13,M0 mean,19.690135309074467,0.0
random,13,M1 body size,15.282274914441903,0.397608805646151
random,13,M2 + velocity,14.122784762739371,0.485549872148634
random,13,M3 + literature mechanics,12.096306036126954,0.6225945818934651
random,13,M4 all kinematics (enet),10.146493947046228,0.7344571573581623
random,13,M4 all kinematics (gbm),7.124586502435904,0.8690751978179891
random,13,M5 + lower-body kinetics (enet),8.929941788223447,0.7943163102294684
random,13,M5 + lower-body kinetics (gbm),6.95680814923139,0.8751689416937423
random,14,M0 mean,19.69038404130336,0.0
random,14,M1 body size,15.313828587008636,0.39513397688645857
random,14,M2 + velocity,14.158848230835147,0.4829322161123737
random,14,M3 + literature mechanics,12.168097371420753,0.6181111492474377
random,14,M4 all kinematics (enet),10.065362359265016,0.738693354146319
random,14,M4 all kinematics (gbm),6.806796807160917,0.8804974425745741
random,14,M5 + lower-body kinetics (enet),8.981739798498985,0.7919285156634838
random,14,M5 + lower-body kinetics (gbm),6.651866068823674,0.8858755705445138
random,15,M0 mean,19.668770720949723,0.0
random,15,M1 body size,15.381480548359885,0.3884360942156305
random,15,M2 + velocity,14.177858549750749,0.4804027513705481
random,15,M3 + literature mechanics,12.169984003814346,0.6171527082796223
random,15,M4 all kinematics (enet),10.149037470003174,0.7337465301526762
random,15,M4 all kinematics (gbm),7.375017254013429,0.8594044270792293
random,15,M5 + lower-body kinetics (enet),9.203865358894072,0.7810292639868388
random,15,M5 + lower-body kinetics (gbm),7.141480352820149,0.8681676311336315
random,16,M0 mean,19.67332377208165,0.0
random,16,M1 body size,15.327860065347995,0.39297360590826147
random,16,M2 + velocity,14.13913181915213,0.4834765916686372
random,16,M3 + literature mechanics,12.087671261691353,0.6224888337810348
random,16,M4 all kinematics (enet),10.089120817847245,0.7370027745742689
random,16,M4 all kinematics (gbm),6.756957683310941,0.8820366983530805
random,16,M5 + lower-body kinetics (enet),8.966997218605258,0.7922511677320496
random,16,M5 + lower-body kinetics (gbm),6.920420244196243,0.8762601865232043
random,17,M0 mean,19.691814584819248,0.0
random,17,M1 body size,15.405717951369434,0.38794223892375956
random,17,M2 + velocity,14.172608754592444,0.4820019548315714
random,17,M3 + literature mechanics,12.149987161681073,0.6193023794884576
random,17,M4 all kinematics (enet),10.115742664675071,0.7361093093388691
random,17,M4 all kinematics (gbm),6.77233824779547,0.88172150050862
random,17,M5 + lower-body kinetics (enet),9.18690204956292,0.7823459783209312
random,17,M5 + lower-body kinetics (gbm),6.7698316913629615,0.8818090380350374
random,18,M0 mean,19.70031377207363,0.0
random,18,M1 body size,15.36786869551816,0.391471397935811
random,18,M2 + velocity,14.16806744006518,0.48278043560376005
random,18,M3 + literature mechanics,12.148623610164638,0.6197161630561081
random,18,M4 all kinematics (enet),9.999940914990004,0.7423390633261568
random,18,M4 all kinematics (gbm),6.728527110211916,0.8833475870752822
random,18,M5 + lower-body kinetics (enet),8.733389715262689,0.8034742808972639
random,18,M5 + lower-body kinetics (gbm),6.882520964817367,0.8779469042667211
random,19,M0 mean,19.680120159735335,0.0
random,19,M1 body size,15.377045978871372,0.38949344066919744
random,19,M2 + velocity,14.231582375046568,0.47706117065710163
random,19,M3 + literature mechanics,12.164145792958987,0.6179609627564511
random,19,M4 all kinematics (enet),9.94713078628572,0.7445298489423778
random,19,M4 all kinematics (gbm),6.993885004983635,0.8737063592764817
random,19,M5 + lower-body kinetics (enet),8.640142288211312,0.8072535900472626
random,19,M5 + lower-body kinetics (gbm),7.018253256183425,0.8728247558176616
