,,rmse,rmse,r2,r2
,,mean,std,mean,std
scheme,model,,,,
group,M0 mean,19.856039007695426,0.07537467253309581,0.0,0.0
group,M1 body size,15.996717344221574,0.17097716064743315,0.3509043497745613,0.012262348913041505
group,M2 + velocity,14.791858068971246,0.14597143585965483,0.4449974132624613,0.0101535043635817
group,M3 + literature mechanics,13.573490002437088,0.21906028621813942,0.5325621963638358,0.015584381049508874
group,M4 all kinematics (enet),12.039290984266689,0.20162240317391472,0.6322541165006595,0.01257044027294741
group,M4 all kinematics (gbm),13.956103342583484,0.2952835964874909,0.5057026542049269,0.022457956602853504
group,M5 + lower-body kinetics (enet),12.07656503947829,0.3122802294896062,0.6298500405418921,0.018845268093992854
group,M5 + lower-body kinetics (gbm),14.229914250259071,0.3652579089719209,0.485978075617461,0.028360365590852227
random,M0 mean,19.686771074685275,0.015755304632987632,0.0,0.0
random,M1 body size,15.351627957008896,0.054641338059571935,0.39191401825288225,0.0042468902883328295
random,M2 + velocity,14.166874250035198,0.043012748502292954,0.48215096454430817,0.0031460691446355492
random,M3 + literature mechanics,12.151277945866713,0.07603929389113188,0.6190117075180848,0.00479954308464202
random,M4 all kinematics (enet),10.127029986665557,0.13209848965527585,0.7353407717130012,0.006994526002144841
random,M4 all kinematics (gbm),7.0154169438045155,0.32036835896416904,0.872759965063152,0.012039408764738444
random,M5 + lower-body kinetics (enet),8.970761934110675,0.2658580046646559,0.7921908416893444,0.012180468324144713
random,M5 + lower-body kinetics (gbm),6.9947521873844405,0.3119232807281783,0.8735214965177243,0.011842467321247488
