feature,coef_full_nm_per_sd,ci_low,ci_high,selected_share,same_sign_share
mass_kg,9.344908133221482,5.731930765382749,13.715120169624194,1.0,1.0
pitch_speed_mph,5.43339093512605,0.5752856273670625,7.4357810449299935,0.994,0.984
max_shoulder_external_rotation,-5.303070091588185,-7.913375170084173,-1.8333333466012642,0.998,0.994
glove_shoulder_abduction_fp,2.9232908622494573,0.819647139709948,7.2107056757225,0.998,0.998
torso_lateral_tilt_fp,2.767847316727557,0.0,5.1300583213882875,0.922,0.898
max_elbow_extension_velo,2.172812280103242,-0.39699100207878557,4.223969054459564,0.906,0.864
shoulder_abduction_fp,2.043993386424299,0.5272848277320288,6.381890514550385,0.994,0.994
height_m,1.7413730547017494,0.0,4.644643879727983,0.932,0.916
stride_angle,-1.7139867519478968,-4.847312210347919,0.0,0.952,0.938
lead_knee_extension_angular_velo_fp,1.5096662652143467,0.0,4.176234614467785,0.972,0.966
elbow_flexion_fp,1.4011488214767183,0.0,4.963207806695748,0.906,0.89
pelvis_anterior_tilt_fp,1.220960221539233,0.0,4.556941666547042,0.942,0.936
torso_lateral_tilt_br,1.2138330352596345,0.0,7.190401678449167,0.794,0.772
torso_anterior_tilt_fp,0.6719102949301324,0.0,10.645237004018599,0.862,0.854
pelvis_rotation_fp,0.5494420392473629,0.0,5.292003704138567,0.816,0.794
max_rotation_hip_shoulder_separation,0.3807512180590759,-0.4678320919376167,3.27673460916959,0.624,0.562
lead_knee_extension_angular_velo_max,0.3339639015876738,-4.095312713632463,1.3159068036061707,0.606,0.248
max_shoulder_internal_rotational_velo,0.3069027841457081,-1.012867418730805,3.2690685674850486,0.762,0.648
shoulder_external_rotation_fp,-0.1335695984180851,-3.344843762279582,1.2746205382136557,0.744,0.64
torso_rotation_br,-0.0,-6.459070173115303,1.9977998047981071,0.64,0.36
glove_shoulder_abduction_mer,-0.0,-4.802585735781262,0.8426968039442669,0.74,0.26
lead_knee_extension_from_fp_to_br,0.0,-2.230146859630975,3.8731445489661196,0.702,0.298
cog_velo_pkh,0.0,-1.598149496768213,2.2173906246557893,0.76,0.24
stride_length,0.0,-1.811583845055349,2.1306423751819246,0.648,0.352
arm_slot,0.0,-1.3822769921250349,2.64694684829905,0.59,0.41
torso_anterior_tilt_br,-0.0,-2.915113268228864,4.297250427094646,0.558,0.442
torso_rotation_mer,-0.0,-4.291431699732017,0.728911986654995,0.544,0.456
torso_lateral_tilt_mer,0.0,0.0,10.113362812486653,0.66,0.34
torso_anterior_tilt_mer,-0.0,-5.32897809300431,0.2385160391239417,0.572,0.428
timing_peak_torso_to_peak_pelvis_rot_velo,0.0,-1.3165508731541828,1.1857616720874888,0.68,0.32
elbow_flexion_mer,0.0,-2.6949971145424954,2.70467593610401,0.772,0.228
pelvis_lateral_tilt_fp,0.0,-0.41800977363754144,2.9620570568181868,0.776,0.224
glove_shoulder_external_rotation_fp,-0.0,-2.020792894363691,1.9493927797672785,0.738,0.262
glove_shoulder_horizontal_abduction_fp,0.0,-2.6741403049837618,1.7362370663774311,0.666,0.334
max_pelvis_rotational_velo,-0.0,-3.0047665428690515,1.4684077060657188,0.734,0.266
torso_rotation_min,0.0,-2.7185567505803347,0.7657398357616692,0.664,0.336
max_cog_velo_x,0.0,-1.664146508678386,2.674424786223444,0.696,0.304
torso_rotation_fp,0.0,0.0,8.359588480534613,0.684,0.316
lead_knee_extension_angular_velo_br,0.0,-0.892088946468955,3.322030626815894,0.648,0.352
shoulder_horizontal_abduction_fp,0.0,-1.098321831197068,5.75627719057154,0.598,0.402
rotation_hip_shoulder_separation_fp,0.0,-3.259114969672454,1.5122498576532029,0.464,0.536
elbow_pronation_fp,0.0,-1.6856758549923745,2.024248004626842,0.722,0.278
max_elbow_flexion,0.0,-1.308193361123853,4.586210326517439,0.564,0.436
max_torso_rotational_velo,0.0,-0.6258859055290787,6.138359571434506,0.722,0.278
lefty,0.0,-1.7875198327773214,1.7789112086463912,0.754,0.246
max_shoulder_horizontal_abduction,0.0,-2.1813772685959303,3.0884250458099456,0.624,0.376
