g,y,M0 mean,M1 body size,M2 + velocity,M3 + literature mechanics,M4 all kinematics (enet),M4 all kinematics (gbm),M5 + lower-body kinetics (enet),M5 + lower-body kinetics (gbm)
750,141.172,110.59052102425876,136.99311241420912,140.1274989732843,145.152346625859,142.42992608832856,141.87302215512943,137.17853306308228,137.8834712959551
750,144.5483,110.59052102425876,136.99311241420912,140.1274989732843,144.54640862568687,142.60835960769052,149.76702231919379,142.5988705601415,144.71922125770985
774,132.9853,110.96718743315508,126.94538900740378,112.18737162150616,116.03672400489714,121.19603488405346,115.78004349365008,114.82531214373122,110.8571369394344
774,130.6038,110.96718743315508,126.94538900740378,111.27072255279097,115.87926165333128,120.34557125970208,112.04558969549167,109.65309957567958,115.51166007240266
774,135.1736,110.96718743315508,126.94538900740378,109.89574894971817,112.97950263787024,122.17500040833934,115.06979889308111,116.15081658424188,117.72060747028488
653,97.7745,110.59052102425876,101.79864753582271,95.43791850181873,107.94902261651801,109.50920641175469,93.43698747326144,115.45664099487665,95.06069650965168
653,101.9528,110.59052102425876,101.79864753582271,98.03867166700314,111.85910298829992,110.52631297815782,91.74100912644738,114.69620044815521,96.04077336164814
738,105.4244,111.21224972972972,89.58820946095796,100.00091700036063,96.57007633292493,105.03127162942062,109.95098005248092,105.19178989531538,107.13001767193047
738,107.3759,111.21224972972972,89.58820946095796,100.61611674938943,95.02412906951164,102.0670235240369,107.22791992985424,101.87744750453128,103.27811945248902
789,122.2616,110.78677123655913,103.69334472322629,105.79961438829606,110.67183469397916,110.53766293166034,105.05909505748534,113.14941048091617,109.822078956143
789,121.4944,110.78677123655913,103.69334472322629,105.9307704030024,109.53103267043377,109.92855056239384,103.98857645871422,112.24925386995814,106.98411192532738
789,144.6265,110.78677123655913,103.69334472322629,105.79961438829606,107.21205906467213,108.57499175385095,105.70523921043572,111.06121297842371,109.56724698782364
894,83.8442,110.89098853333333,88.84538980194424,91.36926331539108,93.52676864616653,95.45322065636653,101.5045327387882,89.66873686925027,101.13782401824223
894,85.9172,110.89098853333333,88.84538980194424,91.23151365524782,91.24449779070116,95.25987676338165,101.23526399987206,90.11701954669606,101.21510712082161
894,84.5584,110.89098853333333,88.84538980194424,91.64476263567761,92.15458246408723,99.03803162525638,108.04801540258471,93.30465648901668,106.4830744218296
905,143.4115,110.50201016483516,128.5519340280711,129.11039194324667,131.46456350633804,129.49261488176685,140.1422166516445,124.11529537281065,131.22694047838004
905,141.5945,110.50201016483516,128.5519340280711,127.86350814470657,121.87858150372983,123.40906467186419,128.9087764367785,125.92675102629131,130.3666818660001
905,140.8044,110.50201016483516,128.5519340280711,127.86350814470657,130.5776116936746,125.47855923357633,142.89714789564746,126.53426537284,126.94729385861326
906,106.9793,110.96718743315508,120.84540175510695,127.11576376339036,123.26459386271483,118.96337312920329,124.40408626940089,122.91210542309886,123.33810013011468
906,103.0003,110.96718743315508,120.84540175510695,127.72686314253382,119.85342065068363,117.69366267558426,121.6216346590051,124.4551795742909,128.66734305338255
919,98.4841,111.98080487804879,106.32760465732805,95.29768710569186,100.7955799709233,108.71126836852774,118.36006596059138,105.12794531222227,119.59694039769828
919,94.8205,111.98080487804879,106.32760465732805,95.29768710569186,100.26962004433345,107.88651317222741,118.56785786949996,103.78408854948812,120.68600144634856
919,91.9207,111.98080487804879,106.32760465732805,95.29768710569186,100.56470313830573,108.60576248469103,118.17319450919355,105.15165838677142,120.19010690304576
920,121.9463,110.78677123655913,116.07378741307713,116.36690575092916,122.17141194125296,123.60350964517394,122.97805351635972,123.17201277945173,123.07183709778249
920,120.3551,110.78677123655913,116.07378741307713,116.89152980975446,121.98658191132165,125.54074406596743,124.70486278889376,126.24505070399483,123.82871520876385
920,117.374,110.78677123655913,116.07378741307713,117.02268582446077,120.9087967363202,123.71620932439252,124.56562070169635,123.52741318287968,122.31781168777749
927,72.2094,111.94949078590786,86.06922300685963,80.78837670535559,72.69982400763126,66.46567799068362,86.71740219579064,73.98180234361013,85.43677462486056
927,73.2088,111.94949078590786,86.06922300685963,80.64911937281485,74.03658960314102,69.98702874945974,87.8353127160968,74.93584404887115,87.54239294201774
927,75.1189,111.94949078590786,86.06922300685963,79.67431804502976,73.94237034688044,67.92604203664075,83.62660079459587,75.81624156790005,84.2927572850212
949,115.1364,110.96718743315508,145.29045571121642,140.86022155514814,143.92670067090694,143.46554321139672,135.8859842361842,140.60790352925667,135.94131713622076
949,111.5674,110.96718743315508,145.29045571121642,138.72137372814598,138.79461657264,137.76994612504333,127.1879502054453,141.8549949564615,123.9633126282712
949,114.5873,110.96718743315508,145.29045571121642,140.86022155514814,140.7371804577809,139.72800341367542,135.65502150976056,137.942825025985,135.90363142833513
874,118.5366,112.04319725274725,117.65900179960647,125.65632869914059,123.02828128116752,116.22868132563075,120.16426902916855,117.07621757844781,127.545527624535
874,119.7143,112.04319725274725,117.65900179960647,123.7797264177215,120.92340033035106,114.6245737960846,116.30242560196912,115.28080939132114,116.76607872232915
874,120.7041,112.04319725274725,117.65900179960647,124.15504687400532,120.55187394259491,117.15839725133428,119.3916477885205,118.72418610463741,126.58893714399936
952,70.66,111.94949078590786,108.79997412459406,114.71753851388337,100.9721391797278,97.7998041891714,105.03488804162896,99.6473039915283,106.09454155632103
952,105.8718,111.94949078590786,108.79997412459406,113.04645052339461,103.06360919129516,100.41972555349352,112.50801057232081,100.6187863600829,112.23840582697079
952,102.9439,111.94949078590786,108.79997412459406,114.29976651626119,102.51439639832805,100.08400757935244,104.70709609893042,102.16138790872206,107.5302638912138
956,119.1072,110.96718743315508,117.10750812491818,113.27465040741333,127.02706065105866,115.3907022167484,117.17345166148054,108.16783733509743,120.66473540328838
956,118.4988,110.96718743315508,117.10750812491818,113.27465040741333,127.96454611146092,114.56251930404463,110.60507558808729,115.85538239643704,120.93071943408485
956,117.2502,110.96718743315508,117.10750812491818,114.3440743209144,127.81500013395531,114.28338123897186,111.65432059635279,109.94702815426253,117.55652233948739
628,138.0285,110.59052102425876,128.20922690702596,127.11022329130523,128.54914714611323,130.44225286510058,136.20347133329437,125.28819219192206,133.2107918608311
628,134.0404,110.59052102425876,128.20922690702596,126.80425233069529,122.91671692413918,124.44281331927269,133.5627130798474,118.43534069256351,130.33435571467712
628,133.5812,110.59052102425876,128.20922690702596,126.95723781100027,131.7125321719228,130.21783843014074,137.3758110518834,125.45294954362203,135.71762984951502
884,135.3053,111.82667843665769,107.56549328849798,111.6147413659513,106.55275559550621,114.47822110318216,113.96607990734367,121.17946635215057,114.78654454258756
884,134.9623,111.82667843665769,107.56549328849798,112.36667844512682,110.41470670835685,117.35995263812727,118.15067821365679,119.18447163745687,117.1114969762767
884,136.2173,111.82667843665769,107.56549328849798,111.74006421248055,106.49220889286805,115.24625490465695,109.569625181241,121.1068232216171,110.80455250383548
625,122.0495,111.94949078590786,114.2219060753294,116.21707296067628,128.30764190892137,129.79538671171755,135.0386031666359,131.9156370047629,132.59059026165892
625,119.7357,111.94949078590786,114.2219060753294,115.38152896543188,125.2487175549404,128.95025759855537,134.69376656308864,129.19041461492762,131.47155590950186
625,122.1582,111.94949078590786,114.2219060753294,113.71044097494313,124.20823306889768,127.99633276014652,132.53817483105482,126.6056936644647,126.84143968266544
830,116.4821,111.21224972972972,107.52566241623032,109.18714882258337,116.71838134552574,113.8766011924104,120.29189936557229,119.17585066079418,117.79191410287879
830,118.5071,111.21224972972972,107.52566241623032,107.95674932452576,119.57227893943073,113.63114028688265,121.39850333872909,122.70065094525293,120.05543596243359
967,100.0734,111.21224972972972,108.22594901037223,111.60838370241791,98.0255179096069,100.02384300779784,108.5052481284898,95.21697568592198,109.1930542385661
967,101.4362,111.21224972972972,108.22594901037223,111.11622390319486,100.25071903336796,101.86383049565183,107.51641023859402,102.44959852340727,109.33320146670391
970,97.6313,111.98080487804879,100.66839452320635,103.77966275650817,96.58587547519586,90.10166577099014,85.51003413448582,80.51189363373616,88.87826676116003
970,98.465,111.98080487804879,100.66839452320635,103.64428396751775,99.24757085119862,90.07662572492775,84.552801577537,81.84731969236212,87.36038680439538
970,96.9136,111.98080487804879,100.66839452320635,103.10276881155605,94.55819650433588,87.57554716488562,84.47790068187784,77.23158908492223,87.06506472070475
616,138.8967,110.89098853333333,128.0872247297538,129.3432950846076,130.09426191935736,128.8702352628778,130.56638055993852,130.7756506142319,138.47790921569282
616,136.4013,110.89098853333333,128.0872247297538,129.61879440489412,131.74512097091426,131.1065357708876,131.96675504448834,136.91917998667935,139.47896260892728
616,143.0064,110.89098853333333,128.0872247297538,129.61879440489412,128.20450863448494,131.32291489076533,134.38294089762908,137.08799108526543,137.34121627779592
986,113.1727,111.98080487804879,101.4582436500513,106.3294060551232,108.40997408823989,103.10570251903671,95.07110453439763,102.49880088670068,94.9389303282395
986,109.1539,111.98080487804879,101.4582436500513,105.9232696881519,108.81954714340645,106.3421448865919,95.12209148532726,101.45447991869831,89.55491227596579
986,108.789,111.98080487804879,101.4582436500513,106.19402726613276,105.45416432401139,103.0689686794432,91.73171773123215,102.58506631134038,92.12674924274411
511,128.5671,110.96718743315508,134.56716007871543,141.91476653691564,133.70150666616934,132.9878077209045,131.19084501411206,121.66176819198212,123.50937959471435
511,122.3966,110.96718743315508,134.56716007871543,139.31759417555594,137.76738467748834,134.8493136624716,131.81338408693998,130.08010378169018,132.70068735895904
922,107.5428,110.78677123655913,126.80545868325224,110.06679068743132,120.5459363204677,116.66041499930003,131.7525267390552,116.02993769184631,127.04046843507223
922,98.7176,110.78677123655913,126.80545868325224,110.06679068743132,121.39713384820217,115.77648476206159,131.6470129503964,117.67273154851615,127.75418136215755
1000,135.5394,110.89098853333333,116.55702723627442,126.2089179237887,142.10690671133514,142.0294483492719,144.82808560679032,149.33748760289305,148.59497037400735
1000,135.1132,110.89098853333333,116.55702723627442,125.65791928321565,139.0518488707172,140.03947105117732,137.77560200495788,144.19010635635448,141.30357112152745
1000,137.4771,110.89098853333333,116.55702723627442,125.65791928321565,143.33355709732803,141.77257979911408,144.62573757147126,148.01480652522008,149.14358831782792
1003,127.9654,111.82667843665769,134.499133014858,136.97511699889998,140.85500868175103,128.84651856647824,130.96287577808127,121.77570224748185,130.12834236907503
1003,126.7422,111.82667843665769,134.499133014858,136.84979415237075,139.29530597108788,130.8346186132226,131.99292465062737,125.88759944279622,128.9812094916552
1003,127.25,111.82667843665769,134.499133014858,136.7244713058415,140.43000555189786,132.65988459263127,131.3548963644671,125.90229233694406,130.1138291257013
1017,90.7067,111.82667843665769,98.27047318396843,98.83708349458341,93.64453643821031,97.72152453721355,90.07912987764398,92.63167167309729,90.83053627201299
1017,90.1715,111.82667843665769,98.27047318396843,98.21046926193713,91.63173999502293,95.80349478605535,96.20947300860938,90.46892966907699,95.09087755317219
1017,86.179,111.82667843665769,98.27047318396843,98.33579210846638,89.86981027193276,95.38360458304946,96.60975107778454,89.82461220816482,94.95361269241462
610,109.6567,110.89098853333333,109.45422515787764,107.59187003325113,113.4527632609291,107.44240577690503,104.34064112527965,106.16115289807001,109.03950409548113
610,109.0023,110.89098853333333,109.45422515787764,107.7296196933944,115.2126549686187,104.54676988606487,104.90775369994982,104.97154198390677,109.39804117949316
560,142.3375,111.82667843665769,125.21066465572589,123.08648093019778,137.77958735750124,137.06051763556417,122.27997199593,133.65738730709552,120.65835222956574
560,142.2393,111.82667843665769,125.21066465572589,124.9663236281366,140.72387901164993,139.07562780236904,126.22883902380656,135.60443943018285,124.44725817066684
560,137.6935,111.82667843665769,125.21066465572589,122.83583523713926,134.4417951857381,134.05489021248107,121.87458920785019,130.75633286950466,123.2413991042543
1027,125.1295,110.89098853333333,116.50378816347094,103.04738504362038,115.53465148608718,109.47110352106698,117.77933897236265,109.53206955728169,113.98835033226987
1027,112.7031,110.89098853333333,116.50378816347094,103.32288436390691,113.16371610144101,106.47082593082052,116.38621180552654,107.22932270251299,112.64226648201524
1027,116.3908,110.89098853333333,116.50378816347094,103.7361333443367,115.22948336956716,107.08534424875812,115.64794153382033,106.42530753662056,112.65854383594018
1027,117.7253,110.89098853333333,116.50378816347094,104.97588028562606,115.61022094869465,106.79536750901596,118.36566770439536,106.36545730124865,115.85970470206138
890,93.9064,111.98080487804879,111.68623895374729,104.62720306610726,90.98929541674133,99.01310397385869,104.44730956703853,93.87659902056451,104.3856133672861
890,91.5408,111.98080487804879,111.68623895374729,104.89796064408812,90.13652169827091,96.72445214870415,102.28288682956361,90.17616697068769,106.38328273285762
890,92.6732,111.98080487804879,111.68623895374729,105.43947580004982,90.66676059246777,98.17888033814336,98.16300486244012,93.05797922307696,99.55956089212121
890,94.2516,111.98080487804879,111.68623895374729,105.98099095601151,93.65144661066189,98.8709729611816,100.32605058733371,93.99985699136306,106.00791106012886
538,101.2425,111.94949078590786,124.02496396056686,117.25398644575229,118.0360917075249,108.48927214236134,110.16217591571773,119.17314855480714,120.16252932663585
538,102.2399,111.94949078590786,124.02496396056686,116.83621444813011,116.22954737670979,108.8859727353327,110.57041221732051,117.38165592695978,120.79961524684248
538,104.005,111.94949078590786,124.02496396056686,117.53250111083375,117.78671657005158,109.66093849754151,110.40125125211911,117.99269548652667,122.72801291021314
538,103.4488,111.94949078590786,124.02496396056686,117.39324377829303,118.60794583504914,111.2169201864173,108.86047286151748,118.19653497736574,113.47551290464999
538,101.8641,111.94949078590786,124.02496396056686,117.39324377829303,118.60163959119144,113.95203791328075,109.03185350054878,123.78130350592888,124.87730476801332
283,111.4603,111.94949078590786,114.28827055871689,119.17730769140321,117.93998660600869,116.83420881534414,121.39435108676703,119.01168427329115,121.2268777219145
283,114.3115,111.94949078590786,114.28827055871689,118.62027836124031,123.25346624698906,117.62266732548696,119.10854268956763,120.34621460257343,121.9794151660763
283,115.65,111.94949078590786,114.28827055871689,118.48102102869956,119.66847433534376,116.73860600976553,120.8350473743719,121.76533367634998,121.29709607124012
283,114.6221,111.94949078590786,114.28827055871689,119.5950796890254,121.663604428512,119.08456689035847,117.76360907793382,121.7767307180793,119.22715566842083
283,115.664,111.94949078590786,114.28827055871689,118.89879302632174,122.50271950551465,117.32435187370791,118.87663746367909,122.88231837447063,122.00719525121615
1062,103.8074,111.98080487804879,103.62807623361076,103.77707125390374,98.35286209135593,103.25802062300531,94.50808731470893,94.77253011166323,96.72470239015111
1062,104.1959,111.98080487804879,103.62807623361076,103.64169246491332,98.83317332859926,102.60372571230899,92.3206495346378,95.23141160048482,95.5518518335057
1062,102.4412,111.98080487804879,103.62807623361076,103.64169246491332,100.15090947528228,104.99302481402509,98.59088419732795,95.4525604891898,99.08029100646662
1062,101.5253,111.98080487804879,103.62807623361076,104.04782883188459,100.76330030259564,104.01455494401972,94.61201242334025,100.81604382247941,97.92646390898972
1062,103.4049,111.98080487804879,103.62807623361076,103.77707125390374,101.31201070539504,104.8969859902322,97.80071468908649,97.93503140371969,97.44872463624381
1068,114.5668,110.89098853333333,114.68185601666593,116.73757418912298,128.9835594455364,117.51805114592563,113.77697800489663,117.1795073344611,112.33859322763034
1068,114.9724,110.89098853333333,114.68185601666593,116.04882588840667,127.62773503593807,114.84565595140428,115.3111964752762,114.05083821483194,114.7076189046103
1068,113.2262,110.89098853333333,114.68185601666593,116.73757418912298,127.02739570099904,114.77049339284879,118.58755971149144,114.6119900462552,116.3578803367978
1466,110.4856,110.96718743315508,94.39389896910818,104.66715033567395,103.27166687419145,117.98034076799908,117.90753797277378,123.68605843665459,118.70325369980146
1466,116.6096,110.96718743315508,94.39389896910818,102.37552766388595,102.06181216012449,115.80139070537969,119.2955976131007,120.42925576325796,119.63235132587955
1466,110.222,110.96718743315508,94.39389896910818,101.91720312952833,101.15755058491114,115.47874528394105,120.12691695884558,120.67076622606373,121.69520495745154
1466,112.4178,110.96718743315508,94.39389896910818,99.93113014731207,95.76084877634332,112.05778937709857,113.05211906027085,118.30100472549626,116.74001811957461
1466,110.2624,110.96718743315508,94.39389896910818,99.77835530252622,95.87221697965153,110.12179235264384,114.33037308003632,117.96450830051984,117.5499600686872
1005,144.195,111.21224972972972,109.96717570088518,113.45803382818434,118.9958494561365,125.1111766079911,118.7818728029274,128.74026664238787,123.48393627109323
1005,153.7288,111.21224972972972,109.96717570088518,114.68843332624195,126.8279960774755,129.951128179923,127.45310782385761,135.5619925339501,127.8429121568109
1005,149.2285,111.21224972972972,109.96717570088518,113.82715367760161,124.04248598318314,127.51147829635612,125.37833711464577,136.25349115965903,126.9885250194328
1005,145.059,111.21224972972972,109.96717570088518,113.45803382818434,122.53269521343395,127.78316860253497,116.90574810772469,130.1507836593922,122.77376645478171
1005,153.9047,111.21224972972972,109.96717570088518,113.58107377799011,127.41328771867481,128.93665704954762,122.8883978692146,134.3871936229741,127.25318790640439
976,117.3891,110.89098853333333,111.22634604014233,106.19741572729858,116.7385985348279,107.4841230226839,107.71562467086548,105.07081369693252,107.81722404761501
976,114.7653,110.89098853333333,111.22634604014233,107.29941300844467,116.99549608282423,105.06955082577589,102.44880558789824,104.48371641753454,105.74811973605814
976,116.7572,110.89098853333333,111.22634604014233,107.5749123287312,118.05002134489192,108.06998561706995,108.826451774776,104.83766623587286,106.86331486457253
976,112.648,110.89098853333333,111.22634604014233,105.92191640701205,115.71064357345715,105.16891204944305,107.32370283659611,102.33774038954013,107.5746903477631
359,128.9218,110.59052102425876,108.52199608159043,112.94971976898158,93.58366998690593,111.27942454676801,115.89514360674586,110.45830042186424,109.44250109651878
359,128.036,110.59052102425876,108.52199608159043,113.2556907295915,99.25910610439792,110.24287197783104,114.2283691748627,111.89186616659617,110.66196318580077
359,131.2188,110.59052102425876,108.52199608159043,112.7967342886766,94.39903242624999,109.38530199468033,111.63118727104171,111.71804783533489,107.37818513236286
359,124.9072,110.59052102425876,108.52199608159043,113.71464717050642,93.29644555140817,110.64840327376459,109.06227878508248,108.10721994440568,108.43565363929385
359,128.1089,110.59052102425876,108.52199608159043,111.26687948562694,91.01649946855613,108.6076038822921,110.8895423664892,109.01427604366488,107.16727935556831
581,108.5778,111.21224972972972,125.01628620875762,126.14574323650285,122.88593101589016,112.47122854234205,108.73759475695589,100.87541247602746,105.87113376310306
581,110.9466,111.21224972972972,125.01628620875762,126.02270328669708,124.25199460972847,107.8942475104277,106.44605436062223,97.8848304556,102.7742314116011
581,106.9332,111.21224972972972,125.01628620875762,125.77662338708558,120.61823775350938,106.55681035958565,102.71944578843893,92.91630474873315,98.78144786367173
581,104.3198,111.21224972972972,125.01628620875762,126.26878318630861,119.06039601338918,110.23163179399148,108.86056450562583,100.76195609388502,105.91226180288812
581,106.5811,111.21224972972972,125.01628620875762,125.40750353766828,126.42291453899476,111.59794120706432,111.43217640138953,99.72524554258122,107.68610162907785
1552,85.7766,110.78677123655913,103.8296396470894,99.6067390700268,85.94326660445054,90.83007350633696,89.59453183902401,94.718552759513,88.25029405668465
1552,82.0006,110.78677123655913,103.8296396470894,100.26251914355841,85.3249484203672,86.78578117967047,84.19270703693729,89.12555139784908,83.3626874748875
1552,86.6809,110.78677123655913,103.8296396470894,98.81980298178888,84.23095729745408,86.88236061073337,86.72019532430622,89.8921608794173,85.96986109621457
1552,88.7758,110.78677123655913,103.8296396470894,100.39367515826471,86.51631684670144,89.7555965009396,87.03114016150968,92.31663429253621,86.3860366781852
1552,92.4186,110.78677123655913,103.8296396470894,100.13136312885207,84.93557398441676,89.22741445612783,86.8746087158487,91.83078197270703,86.85084402813571
1557,101.3774,110.50201016483516,102.86682101572424,102.7631456034534,118.99539440448768,116.32545811447746,106.11742919428632,114.63613062752512,109.86704021403963
1557,104.073,110.50201016483516,102.86682101572424,103.04023089201787,117.93868738007467,116.31622481947652,107.22125494320221,112.7212387596921,107.32624039358441
1557,98.2647,110.50201016483516,102.86682101572424,101.79334709347775,117.50194904856747,118.16024712606524,106.70042063418275,115.51324608050771,110.25524583392253
1557,99.3336,110.50201016483516,102.86682101572424,102.20897502632445,117.20885534135796,117.68066853499374,108.23517155120739,118.72924416495954,109.72184511892563
1557,101.5036,110.50201016483516,102.86682101572424,102.90168824773562,116.81058286122334,113.1247566968409,106.45845214769159,113.46890941254041,109.82056281742065
1558,119.5835,110.96718743315508,110.00921238929253,100.80889928619104,106.27746133786839,105.8114538689557,111.89007794309929,106.74161071491096,108.69944800393291
1558,116.0338,110.96718743315508,110.00921238929253,101.57277351012036,103.28655189951087,107.59923344395335,107.85086336348132,108.95679505812599,106.03304854752466
1558,114.5221,110.96718743315508,110.00921238929253,101.57277351012036,105.72506180443595,108.51904861150011,109.55724033036212,112.2261890905493,109.03416181150749
1558,118.9113,110.96718743315508,110.00921238929253,101.11444897576277,107.53523329151147,106.75012344928949,110.47163031274546,111.48459599457985,107.93563999637998
1584,92.0439,110.59052102425876,97.78220610137308,95.79779721718887,107.47287595135951,107.89904203240705,97.91016033755771,105.6577036214079,99.13587149556194
1584,94.6682,110.59052102425876,97.78220610137308,94.7268988550541,109.33935197242714,109.26397023156687,99.80191952717225,108.13108457938775,100.39903443776593
1584,96.7626,110.59052102425876,97.78220610137308,95.18585529596902,106.2307638415928,105.91805945345938,98.93858236323871,102.21064515357929,99.67362865796542
1584,96.4144,110.59052102425876,97.78220610137308,94.7268988550541,104.65272043315879,106.15977271018116,98.09659319162346,104.4595197881917,98.2574594018359
1584,98.0187,110.59052102425876,97.78220610137308,95.03286981566404,107.55540616456625,107.2018422982776,96.27415438463113,103.13040151762675,96.67137853438506
1589,82.0657,112.04319725274725,107.89980669826214,97.45423040959568,90.88923865313134,98.09938194132917,101.77703522667682,94.70610283037843,100.31291418579683
1589,83.5278,112.04319725274725,107.89980669826214,98.20487132216331,95.13042768726636,99.72310104182336,101.98345233927981,95.29017079057067,99.66845661617694
1589,87.357,112.04319725274725,107.89980669826214,96.32826904074425,90.87225318060348,96.29417471530785,90.89653415457909,93.33712622008306,89.56415932659553
1589,87.4688,112.04319725274725,107.89980669826214,96.57848267826677,89.53815677447317,100.41800812574029,103.34954057446666,96.1495215123258,102.8564823035369
1589,79.2156,112.04319725274725,107.89980669826214,96.32826904074425,90.7701433107745,100.00081323285512,99.34931098576646,96.26274205022426,100.90035686496174
1590,85.0017,111.82667843665769,94.51527511765883,90.39781010777571,75.38979197209055,92.90239522993504,94.35149007597985,94.80316106965294,99.82313529669385
1590,95.2876,111.82667843665769,94.51527511765883,89.52055018207092,73.08096730872373,92.85807500973138,87.50659702722265,94.67507914857583,94.25836319567976
1590,90.1811,111.82667843665769,94.51527511765883,91.02442434042199,76.86235765558634,94.40209539503194,93.45162382405425,96.6435189931828,98.4088528199535
1590,88.9128,111.82667843665769,94.51527511765883,89.64587302860019,71.37531450417711,89.8796091649427,86.4103558068388,93.78779938917732,89.70117954636737
1590,86.2859,111.82667843665769,94.51527511765883,88.89393594942464,75.82795705831921,91.13492002246497,91.79115637252804,90.89546379215443,96.99697652227353
1592,125.1064,110.96718743315508,121.2999968013667,128.20435238363513,136.991304697117,129.72978683595858,117.34771518668177,126.91580229306265,116.101547991856
1592,126.7359,110.96718743315508,121.2999968013667,127.59325300449169,125.19190602265962,123.66423332429841,119.2853249484283,120.52049312632852,118.22230974119286
1592,118.6066,110.96718743315508,121.2999968013667,125.91272971184713,126.5518272485114,124.667325306959,120.06835606915843,123.18804736919955,123.22098366542394
1592,117.7774,110.96718743315508,121.2999968013667,125.91272971184713,130.3907262592723,127.83576835591408,116.1283504424724,128.71064904093961,119.92510471592344
1592,117.1349,110.96718743315508,121.2999968013667,125.91272971184713,131.58226194667657,126.27910117403772,117.82800737336137,124.16991696053753,117.62498891130376
1595,108.4625,112.04319725274725,120.34871336507993,120.10875622603902,123.71680628270707,114.98553855554155,121.11098050647368,120.92548347158161,124.633154554122
1595,106.3062,112.04319725274725,120.34871336507993,118.98279485718757,116.8024382973983,110.5232155011107,120.2135752833288,116.73072815640734,122.63959518398087
1595,113.681,112.04319725274725,120.34871336507993,119.60832895099392,119.1187233443903,112.66868114292137,115.16545228865054,118.46506466362698,121.3822842011266
1595,109.8404,112.04319725274725,120.34871336507993,118.98279485718757,119.4369144002832,111.89063483716272,113.74833438682886,116.84504125770309,118.3211921721392
1595,107.6483,112.04319725274725,120.34871336507993,118.98279485718757,118.34124760294586,111.03084107045512,112.73320415897048,118.72756671393762,120.84836847742851
1606,82.7322,111.82667843665769,104.3453420677891,106.13363737189628,99.09698263870551,101.92920501724879,91.72238432709818,111.40581453376727,98.85724698148118
1606,83.0521,111.82667843665769,104.3453420677891,106.63492875801332,98.86749125521973,101.75849245089805,91.75716737177532,108.4561196578043,97.93002329810955
1606,83.4769,111.82667843665769,104.3453420677891,105.75766883230852,98.70987149927313,103.30050640388528,98.86754028718818,111.43602843161216,101.81438339635018
1606,90.9589,111.82667843665769,104.3453420677891,106.50960591148404,98.89951665840731,102.10028584765918,91.86717053311965,107.41823881936165,97.26154865293258
1606,88.6646,111.82667843665769,104.3453420677891,106.00831452536704,96.51859444766284,103.1677587545564,91.77515756943296,111.66932416881754,96.6859571806803
1562,96.6309,110.78677123655913,105.08493717331262,103.41228638834026,97.4637246809904,95.53169075950335,90.19423176687776,99.28916311216274,91.92540490793309
1562,98.9594,110.78677123655913,105.08493717331262,103.6745984177529,97.28728430810335,95.45616182539749,95.548426366056,95.6522448669796,94.06631833696412
1562,94.9436,110.78677123655913,105.08493717331262,103.14997435892764,100.70183229936868,97.0853047491075,92.86930558980744,100.43990914568613,94.95515106700472
1562,94.1351,110.78677123655913,105.08493717331262,102.62535030010235,96.73766972305974,93.06566650210497,87.1247192734828,93.91147623304239,86.783978478695
565,123.9121,111.98080487804879,103.10226098746884,107.17186995724579,119.41365967884165,126.61235655807991,111.64349774529397,126.10206699262665,114.02340253077548
565,118.4534,111.98080487804879,103.10226098746884,105.68270327835111,113.16577827782946,122.19427262384502,106.9023766329866,121.77894717656855,115.15574815825734
565,122.0391,111.98080487804879,103.10226098746884,106.35959722330324,114.782815900044,120.5863475624762,109.5023353434251,121.65124683361468,117.93164601004877
565,118.0875,111.98080487804879,103.10226098746884,105.005809333399,111.86125455897584,121.39898647591126,105.87353559739546,120.68604580000273,112.0907528670212
565,117.0764,111.98080487804879,103.10226098746884,106.22421843431282,110.49641146251633,119.9840778675073,106.37859190403921,120.76214234767649,112.54483772121992
1612,91.4169,110.50201016483516,109.54539505649137,106.70538480934421,97.34010013901519,98.70043758960064,99.02639446601917,93.73755803790138,99.45037473800403
1612,96.0116,110.50201016483516,109.54539505649137,108.64498182929549,98.38112614995559,100.58256221001074,102.60052812932192,97.99945996541904,100.28392042376662
1612,89.8103,110.50201016483516,109.54539505649137,107.25955538647314,95.82268648821955,98.81301140773394,100.25594457540568,94.88476399091617,100.60821181315401
1612,90.5116,110.50201016483516,109.54539505649137,107.25955538647314,101.33082479247187,101.5520559985737,103.46967254108112,95.64283140033761,103.77399285836104
1616,69.2715,112.04319725274725,91.52700675180012,77.49648665321367,79.03492443285246,82.4819301720814,96.21187509200468,75.52809143243786,93.81891530316734
1616,67.8506,112.04319725274725,91.52700675180012,78.62244802206513,77.25980505697592,77.35470265306694,91.43092819795883,72.56365785484093,91.27017112318781
1616,69.9666,112.04319725274725,91.52700675180012,78.12202074702003,83.33031518696413,83.48274047037472,99.03851231216565,78.90460827239812,95.49944043877578
1616,69.3145,112.04319725274725,91.52700675180012,77.8718071094975,76.59071812948054,79.03330561370761,90.72370085261947,83.61208901962593,95.2214202505552
1616,69.3457,112.04319725274725,91.52700675180012,78.37223438454257,79.37760774430242,76.77152997857578,89.94267346110851,71.25411415011806,89.41242739554376
1618,117.6354,111.98080487804879,116.55397188227228,123.7310872657111,117.16153803259418,112.8040674014764,111.03958241016292,114.35366574099962,119.78336306023753
1618,115.7241,111.98080487804879,116.55397188227228,124.54335999965363,119.31499536621595,114.99901423792137,109.84832502348368,114.35364377010566,117.06760262545772
1618,118.5874,111.98080487804879,116.55397188227228,123.59570847672066,115.50151281757299,111.97769616266586,108.86823728183677,112.34692165541412,115.21010181237654
1618,119.848,111.98080487804879,116.55397188227228,123.59570847672066,120.95312777680499,115.78120896990865,112.31413063721625,115.1158451092609,116.46750922480318
1618,117.7346,111.98080487804879,116.55397188227228,124.40798121066322,117.00668885187105,114.14103999522624,112.38826762020749,113.96395285233356,115.57335819342154
1619,99.0799,112.04319725274725,97.9714956467749,104.79294534739913,105.4422060836944,107.22421055871659,118.24902435585763,109.46928209410478,119.98236807307612
1619,97.5939,112.04319725274725,97.9714956467749,104.29251807235403,103.78557357953498,107.25215766729694,119.22015893915696,107.1827861240233,120.8057331024356
1619,101.6376,112.04319725274725,97.9714956467749,103.29166352226386,104.9886773096739,108.78330701880954,120.71412658395768,107.5716390323707,120.05967624509825
1619,97.8877,112.04319725274725,97.9714956467749,105.41847944120549,106.92754027659169,109.51676585949174,118.2143861156085,111.37224528967468,120.50503427427758
1620,95.3708,111.94949078590786,102.56729455092184,107.97207553313318,98.7949705926361,106.36319788460926,113.08358421234307,99.52397620896826,109.8341763412951
1620,97.2282,111.94949078590786,102.56729455092184,107.83281820059247,100.45570343156928,110.42578126519905,121.83935243462498,103.79793332415596,114.63941381930408
1620,96.2796,111.94949078590786,102.56729455092184,108.1113328656739,100.51827217582775,108.74271090111156,120.5795625921468,101.22279583374694,113.9034874415339
1620,96.6999,111.94949078590786,102.56729455092184,109.92167818870341,103.05587520902117,109.35600941041113,118.77647893573189,103.57615960909627,113.20748466512342
1620,100.2579,111.94949078590786,102.56729455092184,108.38984753075538,101.39560175191404,108.12898732580551,120.91411215837516,103.14793670592559,116.26762886108362
1624,105.1337,110.50201016483516,108.95442158775126,110.04900249943029,90.5978807151661,93.60383259228838,109.96588063698277,95.9819378631164,109.95363329791273
1624,102.6995,110.50201016483516,108.95442158775126,110.18754514371251,88.38554336735814,92.08466150730204,104.9057412972563,95.20908955048884,103.93299447827991
1624,105.5798,110.50201016483516,108.95442158775126,109.91045985514805,91.27424781418043,93.67294917199095,109.27031518037823,96.69832811248529,110.72137867973736
1624,106.866,110.50201016483516,108.95442158775126,108.9406613451724,90.8057274250855,93.76937458642723,111.17238736480655,94.5037042256781,110.34440287058864
1624,101.8967,110.50201016483516,108.95442158775126,108.9406613451724,88.44573876070575,92.62005660284453,108.83754895519824,95.69520227825352,109.48191299843776
1630,113.0311,110.78677123655913,109.2328757993515,112.95161004772406,103.45715240773202,102.93563103420063,104.9685715853992,101.99646016005336,99.84724598938146
1630,107.2903,110.78677123655913,109.2328757993515,109.14808562124081,98.70700262711087,99.33064194399226,101.54651206653796,98.72734154491023,98.35279965707055
1630,107.686,110.78677123655913,109.2328757993515,108.09883750359025,98.58530650016779,99.67759195553242,101.23460422666892,100.67936837868055,96.62860988421039
1630,103.0467,110.78677123655913,109.2328757993515,107.18074540064602,95.48266367260231,96.35479930509287,98.62995128360184,96.33404016173156,96.94710992704198
1547,105.4247,111.82667843665769,141.0431604468955,130.1254341912989,115.39905150874289,119.76432904590025,127.56653470048185,121.11798683036889,131.42342306625093
1547,104.513,111.82667843665769,141.0431604468955,130.50140273088664,117.26989216808073,120.1485780843238,126.13835267450638,119.58321749421205,127.14365828197954
1547,71.7127,111.82667843665769,141.0431604468955,128.74688287947708,110.37684704458009,118.65757801280752,125.29857514885364,118.60654334991997,124.58332952850253
1547,98.3176,111.82667843665769,141.0431604468955,128.9975285725356,114.50886652257307,120.95405304047793,125.02608873897859,122.12370153898192,131.82784851328591
1547,106.5597,111.82667843665769,141.0431604468955,130.00011134476964,112.21387756342978,121.72542724484289,127.09301420381166,121.53829496388153,126.36624436957129
1633,151.2273,110.50201016483516,139.09191729394286,137.63898186699507,137.23700671618948,134.50713630145825,131.42491826944632,128.85487488157122,123.95213100711064
1633,168.4861,110.50201016483516,139.09191729394286,137.50043922271286,135.6852191856002,130.73341561658327,122.56213101437707,124.57117783668598,123.46469676777346
1633,137.7301,110.50201016483516,139.09191729394286,137.08481128986614,126.08365506702403,130.2682106640685,129.00170723934167,123.63695835669802,126.84809194642283
1633,133.5403,110.50201016483516,139.09191729394286,138.4702377326885,133.26084872912526,134.34443444283878,131.8100882066447,127.45422589530435,127.71889009536592
1633,140.1286,110.50201016483516,139.09191729394286,138.4702377326885,127.98506613110007,129.5409369081904,126.8314695449515,122.89873187960079,124.61559947248396
1636,124.0502,111.21224972972972,117.58592489544434,123.32280608741794,115.42178410748407,115.03028175288657,114.38796106422538,123.12307872898859,122.46921153219061
1636,120.2444,111.21224972972972,117.58592489544434,123.07672618780641,109.95850783691425,114.61229796916668,107.96989762939336,117.70703622744875,113.82813940314861
1636,125.8529,111.21224972972972,117.58592489544434,123.81496588664099,112.2315566204949,112.99558557451448,114.23701125852048,122.06421925890129,121.1605118511015
1636,120.5997,111.21224972972972,117.58592489544434,123.69192593683522,110.41413636295901,115.03290811369189,114.8488202620363,123.03015115501857,119.09966433624031
1636,127.1524,111.21224972972972,117.58592489544434,122.8306462881949,110.73702361510715,113.9498113085741,113.92051103728464,121.12521938540624,119.41044201957142
1029,87.7008,111.98080487804879,102.57644574132694,94.99810792668904,96.02587873471727,95.86382817519984,84.89980705127165,92.22371686942405,84.3697288073803
1029,90.468,111.98080487804879,102.57644574132694,95.40424429366031,98.74254269109782,99.78388043457369,82.58635811019408,99.0005499769751,84.85928019965965
1029,87.5087,111.98080487804879,102.57644574132694,96.08113823861243,98.75051286169656,97.9817744477323,85.77301327646403,95.85845337181959,86.58078860350317
1029,89.3321,111.98080487804879,102.57644574132694,94.99810792668904,94.85778129717312,98.65208440507408,83.38719882015724,97.22761792696473,85.31504420690113
1029,90.4694,111.98080487804879,102.57644574132694,95.8103806606316,97.78942959694562,97.58747011353609,82.80804678943319,95.34002151003037,85.0096229499634
1596,115.6143,110.50201016483516,107.54332897013329,118.20639573496074,117.00675132172707,115.98465601169802,119.78238867502402,120.22261059136197,119.44789285689522
1596,115.121,110.50201016483516,107.54332897013329,118.20639573496074,119.90687645673876,117.2539693228502,121.8889307444041,119.21292331417563,118.12535306100122
1596,114.8764,110.50201016483516,107.54332897013329,118.20639573496074,119.03721970884182,114.97958311194641,121.85487164502157,116.05493526364043,118.96686613182503
1596,130.0088,110.50201016483516,107.54332897013329,118.20639573496074,123.14155490133433,120.15026465228335,122.81692286449535,121.01854195509385,119.43515980848207
1596,126.1479,110.50201016483516,107.54332897013329,118.20639573496074,120.41152281089589,115.54564686096278,122.96349261200041,118.84120353781846,122.08287436149286
1637,141.4305,112.04319725274725,123.23117876243853,127.01278832172257,126.14842602905341,135.0779553509745,138.30737621917137,141.58352427742804,138.99601013369528
1637,144.794,112.04319725274725,123.23117876243853,128.63917696561913,126.8113758087837,134.58710801370427,137.6010866715181,141.30917862560867,138.84394617354238
1637,142.3062,112.04319725274725,123.23117876243853,127.88853605305148,127.42310720334534,134.34464798997234,137.13482511511006,133.93942882325356,128.71814369362463
1637,143.5435,112.04319725274725,123.23117876243853,128.51407014685785,126.55428156925333,134.39629207722496,136.06933277197774,137.21162202470987,128.97600221292927
1637,144.9802,112.04319725274725,123.23117876243853,127.26300195924512,125.59632088571448,134.95213921573995,137.36161631726355,138.84768182921331,142.00053631058134
917,82.5879,111.21224972972972,106.76712704114445,103.56680455925009,98.11185182406692,97.1780760249631,105.79745675538477,95.13442372947723,105.82469516099388
917,82.0653,111.21224972972972,106.76712704114445,103.68984450905585,94.3027974439864,98.22509991240973,102.62724013475525,94.94617529516805,103.7710115492685
917,83.4987,111.21224972972972,106.76712704114445,105.4124038063365,98.76575826798955,98.95900313018586,111.48694753120077,94.92719852296955,109.5088589434024
917,83.8068,111.21224972972972,106.76712704114445,103.68984450905585,96.01210906127777,97.3160427756587,104.45401615740991,94.13260547530086,104.33749772758395
917,83.3847,111.21224972972972,106.76712704114445,103.68984450905585,94.05791085191908,97.67142937932621,105.44284682320144,93.24996700825884,106.23394770714793
1641,92.1467,110.96718743315508,88.7925202069583,82.83176020656427,82.70250627159405,75.47853157233311,82.03115559521193,87.67284842426375,84.34404864000523
1641,89.1185,110.96718743315508,88.7925202069583,79.01238908691761,80.07231246180334,69.13308801055315,77.44528567178223,85.14790281779376,82.97155962160264
1641,88.9235,110.96718743315508,88.7925202069583,79.77626331084693,81.06662298921177,70.30130518096288,79.282499103976,80.39038806384247,80.17127927632217
1641,87.9214,110.96718743315508,88.7925202069583,78.85961424213173,77.34934000305762,68.0202820637499,76.52023963101796,74.797295845456,80.56782591806332
1641,89.5741,110.96718743315508,88.7925202069583,78.85961424213173,79.48951713631061,68.5280931490654,76.5568686729829,79.14516427140244,79.70828077129795
1644,92.8925,111.82667843665769,93.34468977952803,97.67654504185103,99.59259490317072,88.04931640438818,89.38389245075666,95.59146006036393,88.99515781404894
1644,96.1176,111.82667843665769,93.34468977952803,98.5538049675558,101.74157932991724,91.08691628290077,86.10053593318924,96.2736705418702,84.97029567100452
1644,96.8963,111.82667843665769,93.34468977952803,97.67654504185103,101.93466856588907,89.41124743096228,83.3849035563511,95.37251317602959,81.99147706814368
1644,95.6449,111.82667843665769,93.34468977952803,97.04993080920475,96.20545983120478,88.40825266219306,89.63149397131544,95.8047535848379,85.8980549033119
1587,123.6818,110.89098853333333,98.6212127707601,102.24110914078601,109.66353172189956,100.01179646357717,98.1787222248845,106.3385497040594,102.59797039106995
1587,124.1674,110.89098853333333,98.6212127707601,103.61860574221863,110.04764171877238,99.94889522695259,96.30919994378941,105.82684996104318,97.82347461653472
1587,123.1181,110.89098853333333,98.6212127707601,102.6543581212158,112.00474162333312,103.6701684978458,105.9885608078468,103.49469179636172,106.50109392753437
1587,123.531,110.89098853333333,98.6212127707601,102.24110914078601,108.67400758487082,102.50382740569569,103.18792670067046,100.4385722730258,103.8588551156015
1587,126.3191,110.89098853333333,98.6212127707601,102.3788588009293,109.43548708081482,102.35862154350865,101.7302005659298,102.47314251387168,105.43779266973037
1621,108.2559,111.82667843665769,114.32776316015858,121.51195939140642,131.17772684363283,117.06125128378234,113.96010080915696,113.23348870114289,111.93386591037857
1621,109.6097,111.82667843665769,114.32776316015858,122.76518785669897,135.4169107634289,118.63832081297166,115.07703100888041,118.98037425285078,115.30363606885709
1621,110.0862,111.82667843665769,114.32776316015858,122.38921931711121,132.25512607620897,118.28686586627376,111.78845329720417,117.40988733682869,115.49424206019263
1621,111.0428,111.82667843665769,114.32776316015858,122.1385736240527,129.55906728750904,115.9456120422962,110.97663590582961,114.76843433819435,103.09154599121787
1621,109.7122,111.82667843665769,114.32776316015858,121.51195939140642,132.33458404836452,117.38111469860692,114.58388422091889,114.93468412674336,110.86405982100688
1615,124.6961,112.04319725274725,108.11077283983109,109.20467190794356,119.55870288377058,118.73284227335793,110.52081677444679,112.19013778598585,109.34356139436066
1615,127.5948,112.04319725274725,108.11077283983109,110.330633276795,117.8760567043303,121.20072164639426,118.75495622441485,117.60316010589054,118.19151345175814
1615,129.5267,112.04319725274725,108.11077283983109,110.08041963927246,118.6004519119617,118.53722551730785,117.18947023246128,115.0570166107319,119.04704587105512
1615,127.4705,112.04319725274725,108.11077283983109,108.82935145165975,114.42657827134559,118.05326429132286,113.24699586376113,112.52525438332088,110.74018713139714
1615,124.2011,112.04319725274725,108.11077283983109,110.45574009555628,117.96822336370587,122.22718807372326,120.6970457525763,114.56580473980299,119.51643878417217
822,144.5242,111.94949078590786,132.63789574194922,136.99746788930108,133.24886874021266,133.67793461263045,129.35167423593,128.39769947682174,126.48677938518681
822,141.5806,111.94949078590786,132.63789574194922,136.16192389405668,133.33767786867622,137.3872148890174,128.3092688517286,133.00889197128174,124.17821493875589
822,141.8598,111.94949078590786,132.63789574194922,134.49083590356793,131.03752385250277,133.7154870154805,127.41972591260635,128.40222588824756,122.70764475981102
1663,125.64,110.89098853333333,126.21205351014531,122.35144523252059,123.21729052322509,121.98784369541066,144.67160111437963,113.84988967429115,133.74968394289408
1663,120.4056,110.89098853333333,126.21205351014531,121.9381962520908,122.39898261411874,122.36093258798546,143.29464147644904,115.35278776917433,132.7720600314575
1663,118.3128,110.89098853333333,126.21205351014531,118.76995406879576,122.52854009250547,119.89817750975504,137.14151152603006,114.83889508247806,126.5352195102396
1663,125.2483,110.89098853333333,126.21205351014531,119.7342016897986,119.59739053422274,116.63830333528067,126.2154385044207,110.06271238728033,120.60084586060795
1663,116.6928,110.89098853333333,126.21205351014531,120.14745067022838,117.49121510969272,118.3894768011203,137.5204595292923,113.19497912226886,131.5520092508002
1607,116.0782,111.82667843665769,107.0238946974998,104.25334492324572,101.09017346718534,110.04706463275308,104.64304931095229,110.58737282074657,105.4954634184415
1607,116.8974,111.82667843665769,107.0238946974998,104.25334492324572,101.76431570752445,110.29380236806352,106.48070432218869,110.55516655576857,105.65969788925997
1607,121.2005,111.82667843665769,107.0238946974998,104.25334492324572,98.67719974472539,109.56519448275402,107.76709321015514,110.27493270715252,105.92586245401908
1607,122.4139,111.82667843665769,107.0238946974998,105.88254192812603,104.42051019075271,115.09048729069576,107.18828503721625,115.8946859401619,106.0185296363624
1540,79.6759,112.04319725274725,103.65822510038839,101.48077539294088,95.3716860462404,87.78663695412163,85.56308308238026,91.17848258947247,89.48430216795732
1540,77.3866,112.04319725274725,103.65822510038839,101.98120266798597,98.38815143967449,92.77891117210307,94.30253156073596,96.3630515707596,96.59632722803308
1540,77.7923,112.04319725274725,103.65822510038839,101.85609584922469,91.12643242248477,89.69985670611351,92.0555275391005,91.12482063033649,95.05814131106975
1540,81.5511,112.04319725274725,103.65822510038839,102.60673676179233,99.8567587404091,93.07537694384874,95.21806283367911,96.1481889050972,97.55079199622658
1540,80.6744,112.04319725274725,103.65822510038839,102.35652312426978,95.52268550202535,90.96912926544468,92.71963551805861,93.42526846786514,96.65869131058834
787,87.9603,111.98080487804879,100.24406475430389,100.29935141452283,101.32515604768217,94.7417105354196,84.2930074111878,87.54715930686778,84.01506182771864
787,87.8681,111.98080487804879,100.24406475430389,100.02859383654197,107.13671618554567,99.1304585212953,90.58313681181575,91.74300212956919,86.23532007283467
787,93.6668,111.98080487804879,100.24406475430389,99.75783625856114,97.04922668431834,96.36539252956325,89.855826104124,85.50468162749804,82.66007912770642
787,88.1962,111.98080487804879,100.24406475430389,99.75783625856114,100.74814672131697,98.28281277412758,92.23207289676037,89.04736300550638,87.95548491845007
1667,120.1075,110.59052102425876,119.82959241217206,127.57950686786458,129.23874750263417,130.34163232620008,125.4326361582781,129.03006932339332,126.60205098217703
1667,119.5937,110.59052102425876,119.82959241217206,126.96756494664473,123.52975588348667,125.1011679606413,125.24510554991461,121.97804718689119,124.05747903322342
1667,117.4689,110.59052102425876,119.82959241217206,128.03846330877946,126.27023063411362,123.05206809633073,125.06275264511818,123.399233506675,126.62790192758914
1667,105.2134,110.59052102425876,119.82959241217206,126.50860850572981,122.3271683264066,120.7745633877886,113.70858984944974,119.05198944035413,113.1195868588132
72,177.9026,110.78677123655913,127.44077547967395,129.35912035794962,137.11795362276226,138.90079569470842,136.06798982221568,147.4739380386482,135.7489694804364
72,190.7178,110.78677123655913,127.44077547967395,130.01490043148124,138.6834297383162,139.98688135423117,135.24183040519287,149.76667718566907,133.26450037626446
72,199.9297,110.78677123655913,127.44077547967395,129.09680832853698,138.31591107701144,139.42505998528492,132.9877853366172,151.41212250229185,132.38152254892776
72,178.7209,110.78677123655913,127.44077547967395,125.94906397558532,130.24826905055832,132.78343085151465,134.55205783582394,140.68861142157994,132.8099540698454
1632,109.5679,110.50201016483516,119.5707867470023,116.08975487417612,103.68775129432409,105.59672944737234,113.78704456477246,109.17303153523879,111.42170253366321
1632,110.5173,110.50201016483516,119.5707867470023,116.36684016274059,103.3255596514738,104.35595988042272,114.3425930186838,108.66066833714282,113.1811687053378
1632,106.0542,110.50201016483516,119.5707867470023,116.50538280702284,99.98390966368618,99.0723828561674,117.89986612615814,105.60443425040188,111.22816813552447
1632,106.0621,110.50201016483516,119.5707867470023,115.11995636420049,98.34765439962074,98.94068526203338,119.36725504093272,101.76563008341812,112.1962133133399
1632,105.4171,110.50201016483516,119.5707867470023,115.67412694132942,96.92005733157119,96.80982145646979,111.86494463076134,101.87026077900904,115.3858498083495
2,123.1355,110.59052102425876,115.91909631457357,108.31835471142654,109.74697254192931,113.23621558772479,112.95459456479199,108.45982423379441,110.34206600002587
2,124.3892,110.59052102425876,115.91909631457357,109.08328211295137,115.43636082941036,117.18347500125539,116.68798239710601,112.95550130086232,112.23705214844081
2,125.2936,110.59052102425876,115.91909631457357,107.40044182959673,114.1453211999988,117.15220027016035,120.26407500557023,117.56178178731587,115.44181939861829
2,122.6749,110.59052102425876,115.91909631457357,106.6355144280719,115.70823585965914,118.15777443147815,121.53737375642837,118.67212283598417,113.4129876238829
2,125.1975,110.59052102425876,115.91909631457357,106.78849990837688,115.8823370756791,118.45015339319944,117.53828274400628,118.60590213651898,112.33786597841478
1539,116.9071,110.96718743315508,114.33374139740269,117.37372155724017,130.13291547701823,127.82553960183608,127.9712819652698,133.182621987522,132.32603940009935
1539,120.3193,110.96718743315508,114.33374139740269,116.15152279895322,125.68112675378853,125.02401932212094,131.402283203462,126.72184564270356,129.10786872311775
1539,116.6478,110.96718743315508,114.33374139740269,114.77654919588045,124.52336490890657,126.19997316919938,125.2163594273889,125.09608851348243,122.7646064319046
1539,121.0888,110.96718743315508,114.33374139740269,117.06817186766844,133.19200455320163,127.99416060177498,131.08892544234078,130.1472605803478,128.23514621345254
1539,118.7594,110.96718743315508,114.33374139740269,114.9293240406663,127.12007920333295,129.51468058635402,130.27840072545058,128.20736565663083,129.58994391939365
1685,120.176,110.59052102425876,108.80066080718395,114.09541758286092,114.44521230954685,124.33334530335617,127.64383914689046,122.85229080344101,113.02567974882933
1685,124.5763,110.59052102425876,108.80066080718395,114.55437402377584,111.70718793224891,120.79098215923439,119.9374892810046,118.93231484475268,110.5191692977727
1685,109.0944,110.59052102425876,108.80066080718395,115.77825786621557,121.17293443075614,126.48397136531209,127.70717538248802,124.99056849919587,122.30631635254478
1685,123.197,110.59052102425876,108.80066080718395,116.39019978743542,113.44879587169115,123.48137828905149,115.80373469734198,124.4962162891863,111.69094724567263
964,115.834,110.78677123655913,115.83194451010792,120.62891636473391,114.71935374254053,114.9339175535961,114.03953636594048,115.27124388580721,113.1675413901038
964,115.59,110.78677123655913,115.83194451010792,119.57966824708336,114.09599477196889,114.94114113985717,114.90768727130934,115.92701247198205,114.41524271137317
964,116.3554,110.78677123655913,115.83194451010792,119.841980276496,112.8499037070447,112.84240077518815,114.68220513075764,111.54084462727795,112.548003813265
964,112.9853,110.78677123655913,115.83194451010792,119.71082426178967,116.08382551444778,118.08163603590401,118.23905156215707,118.16839952133908,114.53904603051963
964,116.8699,110.78677123655913,115.83194451010792,119.44851223237703,116.30536174490129,118.35086061336962,118.85753061144186,116.59013004211245,114.27496873860044
1688,151.1469,110.50201016483516,130.55400011442916,131.70470964690475,130.76214734134643,141.89685902817124,145.58337458029726,134.1408584683993,134.07629520013728
1688,150.2001,110.50201016483516,130.55400011442916,130.3192832040824,129.65700281742295,141.5333259844655,146.58748288404993,135.5052493438858,134.96483123008846
1688,151.9987,110.50201016483516,130.55400011442916,130.45782584836462,131.73354846986962,141.74113925892027,146.4626152178055,133.23908448485753,133.74017376152818
1688,153.1791,110.50201016483516,130.55400011442916,131.1505390697758,131.62269139669814,142.34823981758086,151.74795077235788,138.87108509780649,139.13018305633858
1688,151.039,110.50201016483516,130.55400011442916,130.3192832040824,136.09779558967577,142.7082196884722,151.27997330605257,140.9743667570814,137.84675989209111
90,120.358,111.94949078590786,144.8543880765906,143.5304192536621,139.85270644314244,133.00263059212182,131.5064406485095,128.2455699912789,138.30825332826666
90,110.5606,111.94949078590786,144.8543880765906,143.80893391874355,138.7847249325049,132.98506169066383,139.8128976287213,129.12285799549863,145.53605177455927
90,125.2786,111.94949078590786,144.8543880765906,144.5052205814472,143.4698741166278,133.88109570961842,137.23121179966012,129.25558338132004,141.93056519299327
90,121.8823,111.94949078590786,144.8543880765906,144.5052205814472,140.7740590412684,139.0800225263066,140.20471373713104,131.9376529374044,141.22231572309454
90,109.3332,111.94949078590786,144.8543880765906,144.5052205814472,133.91976726736056,134.30430441771827,132.64439461615996,127.82832465077553,135.8188863914562
1689,85.9067,110.89098853333333,97.38655977644683,96.12592270134779,82.82698026893505,87.59252174811338,81.5767528722825,85.31724567670366,81.85712162237193
1689,86.5329,110.89098853333333,97.38655977644683,95.85042338106128,85.09902912294079,90.06292266299776,84.36757679077282,90.17502349232039,84.80218330431461
1689,87.87,110.89098853333333,97.38655977644683,95.57492406077475,87.04940711388282,92.02378231380983,85.42222481256901,89.21180132027521,82.8340728879874
1689,86.1635,110.89098853333333,97.38655977644683,96.40142202163432,86.387772480043,95.29569755708143,87.10744741631704,90.75771455381889,84.66358183122792
1543,108.1901,111.21224972972972,110.43796830341626,109.14026202908973,106.7867174198466,99.77229739956836,112.397173373163,101.55897119477837,109.77681492904593
1543,107.1784,111.21224972972972,110.43796830341626,109.14026202908973,105.70730754062842,100.08161606378187,111.82385077121873,102.73990167336343,113.08978452130877
1543,108.6518,111.21224972972972,110.43796830341626,109.38634192870123,109.76749949049879,101.61063656085655,116.7673622194936,107.22605037089546,119.94752995486915
1543,107.6883,111.21224972972972,110.43796830341626,109.01722207928395,101.39773181825895,98.14390063232462,111.75275197731145,96.99990985327399,112.84001074201615
1543,104.6441,111.21224972972972,110.43796830341626,108.52506228006092,98.29511092184191,99.28556741967337,114.13014915119759,97.55257032118675,113.9048275222143
1692,127.329,110.59052102425876,115.62995468980279,104.33691396296726,117.75421807901485,116.68460433839118,116.71800726535218,116.52090218506837,117.07613223677214
1692,123.3616,110.59052102425876,115.62995468980279,103.87795752205236,117.43127896231724,116.16795996641194,109.68857250157355,118.52705110530559,112.40870897763232
1692,127.2535,110.59052102425876,115.62995468980279,106.93766712815169,120.98611501533235,118.80445517248788,115.14221777219724,117.30069749415576,116.61644693598964
1692,126.2206,110.59052102425876,115.62995468980279,105.10184136449209,112.96885962568922,116.20348550211503,126.02677583385534,119.10360426702044,121.8141453789712
1692,131.3755,110.59052102425876,115.62995468980279,103.57198656144242,116.22250325097428,116.88363966300169,112.4271317233046,117.71458283288933,115.47189882417534
675,123.7265,111.21224972972972,102.46640678615132,108.82496211030555,109.43244820133046,109.94307076596174,106.6310318074551,104.17874531446118,106.27718876113417
675,123.8367,111.21224972972972,102.46640678615132,109.07104200991708,111.54571004707674,111.5549882625829,106.66839164754602,107.3696837018962,107.29443009190099
675,125.0645,111.21224972972972,102.46640678615132,108.45584226088828,110.27191630080394,112.50352685931806,110.14441663457663,110.45081005645343,109.77944442383553
675,125.7727,111.21224972972972,102.46640678615132,108.9480020601113,113.57054618996374,112.7341059726382,108.72392674914492,108.76142698841656,111.11403745389671
675,129.9501,111.21224972972972,102.46640678615132,108.70192216049978,111.64126291660523,111.45528186038798,108.29962529617234,106.35922084387443,109.14234951458847
1002,124.7295,111.98080487804879,118.49693697864052,131.02763841501232,131.5826610742321,124.74677275838967,119.59882731265012,124.57110381191342,118.6443028707049
1002,125.6752,111.98080487804879,118.49693697864052,130.75688083703147,130.17630210393472,123.80882271614858,126.04563395445196,119.7358367514977,119.7210068269937
1002,123.6056,111.98080487804879,118.49693697864052,130.62150204804104,129.9427975830397,124.69106981791987,119.68308401643196,124.10773528133488,126.92033275140031
1002,124.4684,111.98080487804879,118.49693697864052,130.21536568106976,128.6888577613856,122.84547233177372,118.31352495202782,121.76207376554329,120.91082144217825
1002,124.6357,111.98080487804879,118.49693697864052,130.3507444700602,130.1187421519137,124.89493242687429,120.92867934683532,126.9801734014783,127.2511487107986
1737,87.8766,111.21224972972972,102.58972511724625,104.4713582220857,101.98578091503569,96.42165660048377,106.4859868053629,97.61473726884897,105.23448187164543
1737,92.2454,111.21224972972972,102.58972511724625,103.97919842286265,96.84438465390625,99.30747457458196,97.78369509775608,101.56816085456731,102.484995088412
1737,94.6935,111.21224972972972,102.58972511724625,105.57871777033753,105.75638408367567,100.7669878888942,103.87450632702276,102.07949570746187,105.56535370527199
1737,90.9843,111.21224972972972,102.58972511724625,103.73311852325112,103.7736303572278,96.53018681500453,101.0946774111725,98.60731609796429,103.92109934291929
1737,88.3453,111.21224972972972,102.58972511724625,103.8561584730569,102.70542907923111,98.66858971406845,98.81692539171131,99.49972679922435,102.08629534141286
1756,95.7129,111.94949078590786,90.38398445797424,83.49284364470384,80.71346163401395,89.51641622267215,88.66685272645137,94.59067689891047,89.96964454527901
1756,96.6981,111.94949078590786,90.38398445797424,84.74615963757041,81.96520559019851,84.48542728240803,86.87130325735389,93.52992897247489,84.99854487492001
1756,94.3346,111.94949078590786,90.38398445797424,83.35358631216312,80.18241652754111,87.78395738933989,86.6733955530259,93.42397347133317,87.46344352996539
1756,94.297,111.94949078590786,90.38398445797424,84.18913030740748,81.35211408897808,83.78796669862837,86.63782648972038,90.59545837441878,85.35225071752625
1756,93.526,111.94949078590786,90.38398445797424,82.23952765183728,77.32997486442065,82.78181391072835,83.08566941564973,89.7493872478024,83.20861058115506
572,99.3618,110.59052102425876,107.28960209471808,97.74471931095661,110.86890466827455,114.39245746731987,106.2804823815028,118.4422077293115,103.5666395291592
572,103.719,110.59052102425876,107.28960209471808,96.67382094882184,115.41928621314858,116.76042955747138,108.99713446077182,120.8423820526567,105.85456478714393
572,99.936,110.59052102425876,107.28960209471808,97.89770479126159,112.20053149334376,115.37297113814203,112.94448229523151,120.91812451889407,109.68140363364641
572,98.3031,110.59052102425876,107.28960209471808,96.82680642912682,111.22703664616309,114.66905637820015,108.50476000510028,121.02605210596515,107.88511251219191
572,97.1378,110.59052102425876,107.28960209471808,98.2036757518715,106.93063387952182,113.08023457130399,109.88854270557003,117.20892806307323,104.91591242043097
1706,122.095,112.04319725274725,115.6488483343906,122.2981751167928,122.40180153367653,119.76008321954863,128.97330425402617,124.13762338386425,127.84661077006744
1706,123.8884,112.04319725274725,115.6488483343906,122.92370921059917,125.19137928139982,121.40307486143797,128.0250889588703,125.83234225647463,127.60296857694978
1706,121.5582,112.04319725274725,115.6488483343906,124.04967057945063,126.47570023629488,122.234099147018,130.45316737842236,127.10481230990331,129.23313087982643
1706,119.5653,112.04319725274725,115.6488483343906,122.2981751167928,126.68018757582269,124.00845477372026,127.29487058947937,128.44269567031557,126.52186463425093
1706,120.3966,112.04319725274725,115.6488483343906,122.54838875431537,121.56917088700389,121.39286586519017,131.0595952627513,124.36317875331747,128.46463930612703
1659,112.6887,110.78677123655913,104.51103945488826,102.84873079200982,115.21432051895577,114.4225999871086,96.0533764623294,111.22643910959167,95.34052559160033
1659,112.2091,110.78677123655913,104.51103945488826,103.63566688024775,119.94044863907777,118.02526594024143,98.86321271347651,113.96674672017687,97.26662800833456
1659,114.4515,110.78677123655913,104.51103945488826,103.50451086554142,122.60553058601172,121.4164807178387,100.72783355611975,117.41581915053236,100.18696249941975
1659,114.6627,110.78677123655913,104.51103945488826,102.97988680671615,118.20582997186293,115.8612863244047,101.2916810133899,112.34970236143039,100.1421561965849
1659,113.8537,110.78677123655913,104.51103945488826,102.84873079200982,119.78750674460777,117.25219513693533,97.11586403304251,113.26826210169793,96.22709049525898
1724,90.0031,110.50201016483516,101.5321102914855,103.20410189476969,114.75121775303143,107.88785419120154,104.4711631490903,113.82527699211803,106.47814209030366
1724,92.3267,110.50201016483516,101.5321102914855,104.31244304902758,115.56146245653784,109.15236358168467,107.19566879451826,115.83796311269643,108.40270174915709
1724,95.063,110.50201016483516,101.5321102914855,102.37284602907627,110.68560858324967,105.18368469828343,99.33428028090894,110.43072266919849,104.6100202869306
1724,94.0612,110.50201016483516,101.5321102914855,103.75827247189862,113.90576668024647,105.98833244494801,102.43449298419218,111.6497810104106,107.24632445382295
1724,91.5136,110.50201016483516,101.5321102914855,103.34264453905192,115.72962266956107,106.86147157356591,110.16467789941932,112.82692935959881,112.18731939376728
1605,102.5765,111.94949078590786,109.92373574506166,108.09052773908245,101.95629970706256,104.23292020782053,108.29595228201593,96.548451323815,107.78124806356922
1605,97.6815,111.94949078590786,109.92373574506166,110.31864505973414,105.2097146343723,105.80314662718772,109.5641219604058,96.30036334034416,109.08585126033311
1605,98.7474,111.94949078590786,109.92373574506166,106.69795441367516,101.2053293578452,103.57642223972655,107.96250472315667,94.62654143269903,106.72971292410168
1605,101.4719,111.94949078590786,109.92373574506166,110.1793877271934,105.2867449562511,107.43809444196904,109.93156527476117,97.24583017419484,108.2434794588708
1605,99.3112,111.94949078590786,109.92373574506166,108.36904240416392,103.59680662427176,104.4402091489325,108.1443785261514,95.41511282507261,108.4180523089182
1691,100.0423,112.04319725274725,101.03098077808713,108.20705393010999,109.54818999674063,112.62596960517858,115.6525524004869,114.79322800100529,113.3417908805738
1691,100.9532,112.04319725274725,101.03098077808713,109.20790848020016,113.46392722431935,114.52264173587439,122.70057736943912,117.89103922628144,118.09073074808506
1691,128.2133,112.04319725274725,101.03098077808713,109.83344257400653,114.05110491972772,116.65284090886524,115.0412222847174,118.80698249180148,112.16366246869124
1691,99.5445,112.04319725274725,101.03098077808713,110.20876303029036,115.26087779052281,114.68197486853764,122.66778593710688,114.2489349986276,117.91578870834373
1691,99.3165,112.04319725274725,101.03098077808713,109.08280166143889,113.72945159355945,114.29681354450499,120.18347011796737,115.69459479991383,116.82032357473135
782,107.0482,110.78677123655913,103.11749289453351,110.2593520178556,116.63604537156228,106.73557846121643,107.64061880276375,102.7014611577181,105.00379835805285
782,106.4635,110.78677123655913,103.11749289453351,110.78397607668089,120.01887254123145,109.51970194290865,111.01914960913017,104.86249202295937,109.71931502264889
782,104.5173,110.78677123655913,103.11749289453351,109.60357194432402,117.88617210880689,105.57950613591413,106.67679157913099,101.51244372893822,105.28070147534417
782,104.2242,110.78677123655913,103.11749289453351,109.21010390020506,114.48091155294581,103.97543335012215,104.53582860526713,101.83530146855301,102.94879677729328
870,121.0676,110.50201016483516,109.99364557761993,103.86782358405745,100.08191171031169,118.40060349940265,111.8427440624523,117.43186193427286,111.68512105714072
870,116.9391,110.50201016483516,109.99364557761993,103.86782358405745,96.71693044001071,119.81880458771535,111.81160255888999,120.17565823120303,114.40639932574145
870,118.8993,110.50201016483516,109.99364557761993,103.86782358405745,102.02786161523336,119.58011191024568,112.34130253487025,118.60606266676274,112.87275763230319
870,122.5449,110.50201016483516,109.99364557761993,107.33138969111333,106.79155476853113,123.50048706790488,111.27514554266345,121.99247689097946,117.02873280482235
870,119.8951,110.50201016483516,109.99364557761993,104.4219941611864,98.0227955475441,120.95471328322722,109.06001879094744,122.08981997549515,118.6251085168526
