pitcher_id,evt,mass,height,bwh,norm
2,124.13813999999999,93.8952,1.8542,1707.342470622936,0.07270840041524142
72,186.81775,103.8744,1.9304,1966.4210415407035,0.09500394170600772
90,117.48254,114.7608,1.8796,2115.337551121872,0.055538436377538414
283,114.34158,91.1736,1.905,1703.2749483581997,0.0671304301811136
359,128.23854,87.9984,1.8288,1578.198638717568,0.08125627335745622
511,125.48185000000001,106.596,1.9812,2071.04675312808,0.06058861288885631
538,102.56006,98.4312,1.8288,1765.304662895424,0.05809765427786423
560,140.75676666666666,103.4208,2.0066,2035.116973122912,0.06916396871806031
565,119.91369999999999,83.4624,1.778,1455.2690769388798,0.08239967570274721
572,99.69154,87.5448,1.7018,1461.031400147256,0.06823367382107749
581,107.47170000000001,99.792,1.905,1864.281038004,0.057647799773292235
610,109.3295,88.452,1.8034,1564.3012709797197,0.06989030951277504
616,139.4348,106.596,2.032,2124.1505160288,0.06564261757715736
625,121.31446666666666,91.1736,1.8034,1612.4336177790956,0.07523687507443598
628,135.2167,103.8744,1.8542,1888.7991583219919,0.07158871254481416
653,99.86365,82.1016,1.9304,1554.2454520474557,0.06425217449949526
675,125.6701,82.5552,1.8288,1480.578104363904,0.08487907502454337
738,106.40015,78.4728,1.7526,1348.722590948712,0.07888957352242207
750,142.86015,110.6784,1.9304,2095.2259132573436,0.06818364983750246
774,132.9209,101.1528,1.9304,1914.899092854048,0.06941404928125428
782,105.5633,83.4624,1.8796,1538.427309906816,0.06861767164442373
787,89.42285,83.0088,1.8542,1509.389720405784,0.05924437459131468
789,129.46083333333334,84.3696,1.8288,1513.118282481792,0.08555896444592143
822,142.65486666666666,104.7816,1.905,1957.4950899041999,0.07287623218183818
830,117.49459999999999,87.5448,1.778,1526.4507165717598,0.0769724162886044
870,119.8692,88.452,1.8796,1630.3985077816797,0.07352141174558241
874,119.65166666666666,95.7096,1.8542,1740.334595659128,0.0687521048912725
884,135.49496666666667,91.1736,1.7526,1567.0129524895437,0.08646703682404361
890,93.093,90.2664,1.8034,1596.389502179304,0.05831471572126634
894,84.77326666666666,72.1224,1.8288,1293.4720801860478,0.06553930924776762
905,141.93679999999998,104.328,1.905,1949.021085186,0.0728246610972167
906,104.9898,99.3384,1.8034,1756.8306581772235,0.05976091065540192
917,83.06868,84.8232,1.905,1584.6388823034,0.052421205189193014
919,95.0751,88.9056,1.6764,1461.596333795136,0.06504880848539825
920,119.89179999999999,94.3488,1.905,1762.5929813855998,0.0680201278832685
922,103.1302,103.4208,1.9304,1957.8340500929278,0.052675659612266404
927,73.51236666666667,70.308,1.778,1225.9060158996,0.05996574428482715
949,113.76370000000001,118.3896,1.9304,2241.2047678695358,0.05076006513592353
952,93.15856666666666,87.0912,1.9304,1648.7023579729919,0.05650417506602046
956,118.2854,94.8024,1.7018,1582.1531742527281,0.07476229351552371
964,115.52691999999999,94.3488,1.8796,1739.0917416337918,0.06642945695979678
967,100.7548,92.0808,1.8542,1674.350345586744,0.06017545865808175
970,97.66996666666667,81.648,1.7526,1403.2951813339198,0.06960044327510999
976,115.3899,89.8128,1.8796,1655.4815617475517,0.06970171258095599
986,110.37186666666666,81.648,1.8542,1484.64562662864,0.07434223001572508
1000,136.04323333333335,97.524,1.905,1821.9110144129997,0.07467062455691066
1002,124.62288000000001,97.9776,1.8288,1757.169618365952,0.07092251009660115
1003,127.31920000000001,105.6888,2.0066,2079.746731305432,0.06121860805622388
1005,149.2232,94.3488,1.8034,1668.5880223783677,0.08943082294651775
1017,89.01906666666666,79.38,1.8034,1403.8601149817996,0.0634102113997453
1027,117.98717500000001,97.524,1.8288,1749.03457383648,0.06745845780578082
1029,89.0958,82.5552,1.8542,1501.141689146736,0.05935202562433859
1062,103.07494,84.3696,1.6764,1387.025092274976,0.07431368082241263
1068,114.25513333333333,92.5344,1.905,1728.6969625128,0.06609321113589181
1466,111.99947999999999,77.112,1.905,1440.5808020939999,0.07774605897649042
1539,118.74448,92.5344,1.7526,1590.401205511776,0.07466322308388162
1540,79.41606,83.916,1.8034,1484.0806929807597,0.0535119554991944
1543,107.27054000000001,93.8952,1.8542,1707.342470622936,0.06282895309273341
1547,97.30554,111.132,1.8542,2020.76765846676,0.048152759963423865
1552,87.13050000000001,84.3696,1.8542,1534.133814182928,0.056794589360123895
1557,100.91046,82.5552,1.8542,1501.141689146736,0.06722247521974992
1558,117.262675,88.9056,1.8542,1616.614126773408,0.07253597074154237
1562,96.16725,84.8232,1.9304,1605.7674007341118,0.05988865507920701
1584,95.58156,82.1016,1.778,1431.54186372792,0.06676826044827866
1587,124.16348,79.8336,1.8796,1471.539165997824,0.0843766057125683
1589,83.92698,85.2768,1.9304,1614.3543921818875,0.05198795283516907
1590,89.13382,76.2048,1.905,1423.6327926576,0.06261012001107909
1592,121.07224000000001,97.0704,1.905,1813.4370096948,0.06676396221800743
1595,109.18768,96.1632,1.9558,1844.395373598624,0.05919971474823345
1596,120.35368000000001,86.6376,1.8542,1575.373970478168,0.0763968951216513
1605,99.9577,87.9984,1.778,1534.35978764208,0.06514619374482535
1606,85.77694,83.916,1.8034,1484.0806929807597,0.057798029720148136
1607,119.14750000000001,85.7304,1.8542,1558.877907960072,0.07643157901693208
1612,91.9376,89.3592,1.778,1558.0870008530399,0.059006717821061934
1615,126.69784,87.0912,1.8542,1583.6220017372161,0.08000510213991334
1616,69.14977999999999,69.4008,1.8542,1261.948782634344,0.05479602734403246
1618,117.9059,93.8952,1.8542,1707.342470622936,0.06905814271519949
1619,99.049775,78.9264,1.8034,1395.8380571819039,0.07096079268677796
1620,97.16728,82.5552,1.7526,1418.887350015408,0.06848132094415026
1621,109.74136000000001,90.72,1.9812,1762.5929813856,0.062261316798011265
1624,104.43514,87.5448,1.8796,1613.676471804432,0.06471875981634621
1630,107.763525,88.9056,1.8542,1616.614126773408,0.06666001689289
1632,107.52372,96.1632,1.9304,1820.442186928512,0.05906461670250361
1633,146.22248,113.8536,1.8796,2098.6155151446237,0.06967568806424422
1636,123.57991999999999,99.3384,1.8796,1831.0629395086555,0.06749080948203846
1637,143.41088,100.2456,1.8796,1847.7849754859037,0.07761232064476976
1641,89.53684000000001,73.4832,1.778,1281.2695133918398,0.0698813474168863
1644,95.38782499999999,80.7408,1.7018,1347.4797369233756,0.07078980290849762
1659,113.57314000000001,85.2768,1.8034,1508.1468663804476,0.07530641911061059
1663,121.25989999999999,101.6064,2.0066,1999.413166576896,0.060647745061919105
1667,115.595875,97.0704,1.8542,1765.078689436272,0.06549049381867436
1685,119.260925,90.72,1.8542,1649.6062518096,0.07229660100352558
1688,151.51276000000001,107.0496,1.8288,1919.8705089553919,0.07891821833465144
1689,86.618275,78.9264,1.7526,1356.5186752894558,0.06385335976411624
1691,105.61395999999999,81.1944,1.8288,1456.172970775488,0.07252844416124209
1692,127.10803999999999,93.4416,1.905,1745.6449719492,0.07281437064380292
1706,121.50070000000001,93.8952,1.8542,1707.342470622936,0.07116363710888632
1724,92.59352,80.7408,1.905,1508.3728398395997,0.06138636121944916
1737,90.82902,83.916,1.7526,1442.2756030376397,0.06297618832954051
1756,94.91372,73.4832,1.8288,1317.8772137744638,0.07202015408412937
